"Juego de Living Innovamuebles Eagle 2-1-1 Cuerpos Amarillo Calugas Azul/Amarillo","1175976","sku:1175976
Marca:INNOVAMUEBLES
Tipo de producto:Sofá y Seccionales
Modelo:Eagle
Accesorios:3 cojines decorativos
Material de la estructura:Madera de pino, secado en cámara con 12% de humedad
Material de las patas:Madera de pino
Color de la estructura:Natural
País de origen:Chile
Requiere armado:No
Garantía del proveedor:1 año
Cantidad de bultos:3
Color del tapiz:Amarillo
Material del tapiz:Poliéster
Número de cuerpos:2-1-1 cuerpos
Reclinable:No
Relleno:Espuma D-24ss
Número de piezas:3
Información adicional:"
"Juego de Living Innovamuebles Eagle 2-1-1 Cuerpos Amarillo Calugas Gris/Amarillo","1175977","sku:1175977
Marca:INNOVAMUEBLES
Tipo de producto:Sofá y Seccionales
Modelo:Eagle
Accesorios:3 cojines decorativos
Material de la estructura:Madera de pino, secado en cámara con 12% de humedad
Material de las patas:Madera de pino
Color de la estructura:Natural
País de origen:Chile
Requiere armado:No
Garantía del proveedor:1 año
Cantidad de bultos:3
Color del tapiz:Amarillo
Material del tapiz:Poliéster
Número de cuerpos:2-1-1 cuerpos
Reclinable:No
Relleno:Espuma D-24ss
Número de piezas:3
Información adicional:"
"Juego de Living Innovamuebles Liverpool 3-2 Cuerpos Felpa Chocolate","1175978","sku:1175978
Marca:INNOVAMUEBLES
Tipo de producto:Sofá y Seccionales
Modelo:Liverpool
Accesorios:Cojines de respaldo
Material de la estructura:Madera de pino, secado en cámara con 12% de humedad
Material de las patas:Plástico
Color de la estructura:Natural
País de origen:Chile
Requiere armado:No
Garantía del proveedor:1 año
Cantidad de bultos:2
Color del tapiz:Chocolate
Material del tapiz:Felpa
Número de cuerpos:3-2 cuerpos
Reclinable:No
Relleno:Espuma D-24ss
Información adicional:"
"Juego de Living Innovamuebles Liverpool 3-1-1 Cuerpos Felpa Gris Oscuro","1175979","sku:1175979
Marca:INNOVAMUEBLES
Tipo de producto:Sofá y Seccionales
Modelo:Liverpool
Accesorios:Cojines de respaldo
Material de la estructura:Madera de pino, secado en cámara con 12% de humedad
Material de las patas:PVC
Color de la estructura:Natural
País de origen:Chile
Requiere armado:No
Garantía del proveedor:1 año
Cantidad de bultos:3
Color del tapiz:Gris oscuro
Material del tapiz:Felpa
Número de cuerpos:3-1-1 cuerpos
Reclinable:No
Relleno:Espuma D-24ss
Número de piezas:3
Información adicional:"
"Juego de Living Innovamuebles Liverpool 3-1-1 Cuerpos Felpa Negro","1175980","sku:1175980
Marca:INNOVAMUEBLES
Tipo de producto:Sofá y Seccionales
Modelo:Liverpool
Accesorios:Cojines de respaldo
Material de la estructura:Madera de pino, secado en cámara con 12% de humedad
Material de las patas:PVC
Color de la estructura:Natural
País de origen:Chile
Requiere armado:No
Garantía del proveedor:1 año
Cantidad de bultos:3
Color del tapiz:Negro
Material del tapiz:Felpa
Número de cuerpos:3-1-1 cuerpos
Reclinable:No
Relleno:Espuma D-24ss
Número de piezas:3
Información adicional:"
"Juego de Living Innovamuebles Liverpool 3-1-1 Cuerpos Felpa Chocolate","1175981","sku:1175981
Marca:INNOVAMUEBLES
Tipo de producto:Sofá y Seccionales
Modelo:Liverpool
Accesorios:Cojines de respaldo
Material de la estructura:Madera de pino, secado en cámara con 12% de humedad
Material de las patas:PVC
Color de la estructura:Natural
País de origen:Chile
Requiere armado:No
Garantía del proveedor:1 año
Cantidad de bultos:3
Color del tapiz:Chocolate
Material del tapiz:Felpa
Número de cuerpos:3-1-1 cuerpos
Reclinable:No
Relleno:Espuma D-24ss
Número de piezas:3
Información adicional:"
"Juego de Living Innovamuebles Liverpool 2-1-1 Felpa Gris Oscuro","1175982","sku:1175982
Marca:INNOVAMUEBLES
Tipo de producto:Sofá y Seccionales
Modelo:Liverpool
Accesorios:Cojines de respaldo
Material de la estructura:Madera de pino, secado en cámara con 12% de humedad
Material de las patas:PVC
Color de la estructura:Natural
País de origen:Chile
Requiere armado:No
Garantía del proveedor:1 año
Cantidad de bultos:3
Color del tapiz:Gris oscuro
Material del tapiz:Felpa
Número de cuerpos:2-1-1 cuerpos
Reclinable:No
Relleno:Espuma D-24ss
Número de piezas:3
Información adicional:"
"Juego de Living Innovamuebles Liverpool 2-1-1 Cuerpos Felpa Negro","1175983","sku:1175983
Marca:INNOVAMUEBLES
Tipo de producto:Sofá y Seccionales
Modelo:Liverpool
Accesorios:Cojines de respaldo
Material de la estructura:Madera de pino, secado en cámara con 12% de humedad
Material de las patas:PVC
Color de la estructura:Natural
País de origen:Chile
Requiere armado:No
Garantía del proveedor:1 año
Cantidad de bultos:3
Color del tapiz:Negro
Material del tapiz:Felpa
Número de cuerpos:2-1-1 cuerpos
Reclinable:No
Relleno:Espuma D-24ss
Número de piezas:3
Información adicional:"
"Juego de Living Innovamuebles Liverpool 2-1-1 Cuerpos Felpa Chocolate","1175984","sku:1175984
Marca:NNOVAMUEBLES
Tipo de producto:Sofá y Seccionales
Modelo:Liverpool
Accesorios:Cojines de respaldo
Material de la estructura:Madera de pino, secado en cámara con 12% de humedad
Material de las patas:PVC
Color de la estructura:Natural
País de origen:Chile
Requiere armado:No
Garantía del proveedor:1 año
Cantidad de bultos:3
Color del tapiz:Chocolate
Material del tapiz:Felpa
Número de cuerpos:2-1-1 cuerpos
Reclinable:No
Relleno:Espuma D-24ss
Número de piezas:3
Información adicional:"
"All In One Lenovo 27IMB05 Intel Core i3, 8GB RAM, 512GB SSD, 23,8' ","1175985","sku:1175985
Color:White
Marca:LENOVO
Tipo de producto:All in one
Almacenamiento SSD:Si
Alto del empaque:50 CM
Alto del producto:43 CM
Ancho del empaque:60 CM
Ancho del producto:54 CM
Bahía de almacenamiento expandible:Si
Bloqueo de seguridad:No
Bluetooth:V 5.0
Brillo máximo:250 nits
Cantidad de núcleos:Dual Core
Cantidad de parlantes:2
Cantidad de slot:2
Chipset:Intel SoC Platform
Consumo:90 W
Display port:1
Entrada de audio:1
Entradas HDMI:1
Entradas USB 2.0:1
Entradas USB 3.0:2
Garantía del proveedor:1 año
Idioma del sistema operativo:Español
Lector de huella digital:No
Lector de tarjetas de memorias SD:Si
Memoria de tarjeta grafica:Integrated Intel UHD Graphics
Memoria RAM:8 GB
Memoria RAM en slot:8 GB
Memoria ram máxima soportada:16 GB
Micrófono integrado:Si
NFC integrado:No
País de origen:China
Pantalla táctil:No
Peso con empaque:7 KG
Peso del producto:6,8 KG
Profundidad del empaque:25 CM
Profundidad del producto:18 CM
Puerto RJ45:1
Almacenamiento total:512 GB
Año del modelo:2021
Cantidad de ranuras para memoria:2
Resolución pantalla:1920 x 1080 PX
Sistema de sonido:Realtek
Sistema operativo:Windows 11 Home
Slot en uso:2
Tamaño de la pantalla:23,8 Pulgadas
Tasa de refresco:60 Hz
Teclado numérico:Si
Teclado retroiluminado:No
Teclas anti-ghosting:No
Tipo de gráficos:Integrados
Tipo de memoria ram:DDR4
Tipo de mouse:Óptico
Tipo de panel:Plano
Tipo de pantalla:LCD
Tipo de procesador:Intel Core i3-1115G4
Velocidad de memoria ram:3200 MHz
Velocidad del procesador:4,1 GHz
Wi-Fi integrado:No
Tipo de bahía de almacenamiento:PCIe NVMe
Unidad óptica:No
Modelo:27IMB05
Información adicional:Cuenta con Webcam, ayuda virtual y password al inicio"
"All In One Lenovo 27IMB05 Intel Core i5, 8GB RAM, 1TB HHD + 256GB SSD, 27'","1175986","sku:1175986
Color:Black
Marca:LENOVO
Tipo de producto:All in one
Almacenamiento mecánico:Si
Almacenamiento SSD:Si
Alto del empaque:50 CM
Alto del producto:43 CM
Ancho del empaque:60 CM
Ancho del producto:54 CM
Bahía de almacenamiento expandible:Si
Bloqueo de seguridad:No
Bluetooth:V 5.0
Brillo máximo:150 nits
Cantidad de núcleos:Hexa Core
Cantidad de parlantes:2
Cantidad de slot:2
Chipset:Intel B460
Consumo:90 W
Display port:1
Entrada de audio:1
Entradas HDMI:1
Entradas USB 2.0:1
Entradas USB 3.0:2
Garantía del proveedor:1 año
Idioma del sistema operativo:Español
Lector de huella digital:No
Lector de tarjetas de memorias SD:Si
Memoria RAM:8 GB
Memoria RAM en slot:8 GB
Memoria ram máxima soportada:16 GB
Micrófono integrado:Si
Modelo tarjeta gráfica:Integrated Intel UHD Graphics 630
NFC integrado:No
País de origen:China
Pantalla táctil:No
Peso con empaque:7 KG
Peso del producto:6,8 KG
Profundidad del empaque:25 CM
Profundidad del producto:18 CM
Puerto RJ45:1
Almacenamiento total:1 TB HDD + 256 GB SSD
Año del modelo:2021
Cantidad de ranuras para memoria:2
Resolución pantalla:1920 x 1080 PX
Sistema de sonido:Realtek
Sistema operativo:Windows 10 Home
Slot en uso:2
Tamaño de la pantalla:27,1
Tasa de refresco:60 Hz
Teclado numérico:Si
Teclado retroiluminado:No
Teclas anti-ghosting:No
Tipo de gráficos:Integrados
Tipo de memoria ram:DDR4
Tipo de mouse:Óptico
Tipo de panel:Plano
Tipo de pantalla:LCD
Tipo de procesador:Intel Core i5-10400T
Velocidad de memoria ram:2666 MHz
Velocidad del disco duro:5400 RPM
Velocidad del procesador:3,6 GHz
Wi-Fi integrado:No
Tipo de bahía de almacenamiento:PCIe NVMe
Unidad óptica:No
Modelo:27IMB05
Información adicional:"
"All In One Lenovo 24ITL6 Intel Core i5, 16GB RAM, 512GB SSD, 23,8'","1175987","sku:1175987
Color:White
Marca:LENOVO
Tipo de producto:All in one
Almacenamiento SSD:Si
Alto del empaque:50 CM
Alto del producto:43 CM
Ancho del empaque:60 CM
Ancho del producto:54 CM
Bahía de almacenamiento expandible:Si
Bloqueo de seguridad:No
Bluetooth:V 5.0
Brillo máximo:250 nits
Cantidad de núcleos:Quad Core
Cantidad de parlantes:2
Cantidad de slot:2
Chipset:Intel SoC Platform
Consumo:90 W
Display port:1
Entrada de audio:1
Entradas HDMI:1
Entradas USB 2.0:1
Entradas USB 3.0:2
Garantía del proveedor:1 año
Idioma del sistema operativo:Español
Lector de huella digital:No
Lector de tarjetas de memorias SD:Si
Memoria RAM:16 GB
Memoria RAM en slot:8 GB
Memoria ram máxima soportada:16 GB
Micrófono integrado:Si
Modelo tarjeta gráfica:Integrated Intel Iris Xe Graphics
NFC integrado:No
País de origen:China
Pantalla táctil:No
Peso con empaque:7 KG
Peso del producto:6,8 KG
Profundidad del empaque:25 CM
Profundidad del producto:18 CM
Puerto RJ45:1
Almacenamiento total:512 GB
Año del modelo:2021
Cantidad de ranuras para memoria:2
Resolución pantalla:1920 x 1080 PX
Sistema de sonido:Realtek
Sistema operativo:Windows 11 Home
Slot en uso:2
Tamaño de la pantalla:23,8 Pulgadas
Tasa de refresco:60 Hz
Teclado numérico:No
Teclado retroiluminado:No
Teclas anti-ghosting:No
Tipo de almacenamiento:SSD
Tipo de gráficos:Integrados
Tipo de memoria ram:DDR4
Tipo de mouse:Óptico
Tipo de panel:Plano
Tipo de pantalla:LCD
Tipo de procesador:Intel Core i5-1135G7
Velocidad de memoria ram:3200 MHz
Velocidad del procesador:4,2 GHz
Wi-Fi integrado:No
Tipo de bahía de almacenamiento:PCIe NVMe
Modelo:24ITL6
Información adicional:Cuenta con Webcam, ayuda virtual y password al inicio"
"Microondas Fensa FMH 2.5 25 Litros 1450 W Acero Inoxidable","1175989","sku:1175989
Color:Acero inoxidable
Marca:FENSA
Tipo de producto:Microondas
Alimentación:Eléctrica
Alto del producto:38,8 CM
Ancho del producto:59,4 CM
Profundidad del producto:41 CM
Bloqueo de seguridad:Si
Potencia:1450 W
Tipo de panel:Análogo
GTIN:7807311590380
Alto del empaque:46 CM
Ancho del empaque:65 CM
Profundidad del empaque:51 CM
Garantía del proveedor:6 meses
Modelo:FMH 2.5
País de origen:China
Cantidad de programas:10
Consumo:0,321 KWH/Mes
Eficiencia energética:E
Capacidad:25 L
Grill:Si
Iluminación interior:Si
Apertura de puerta:Manual
Función de descongelado:Si
Material del plato giratorio:Vidrio"
"Tablet Lenovo Yoga 11, 4GB RAM, 128GB, Wi-Fi, 10,3', Octa Core","1175995","sku:1175995
Color:Platinum Grey
Marca:LENOVO
Tipo de producto:Tablet
Alto del empaque:10 CM
Alto del producto:0,85 CM
Ancho del empaque:30 CM
Ancho del producto:24 CM
Bluetooth:V 5.0
Brillo máximo:330 nits
Cantidad de núcleos:Octa Core
Cantidad de parlantes:2
Capacidad del disco duro:128 GB
Chipset:MediaTek SoC Platform
Consumo:5 V
Duración de la batería:8 horas
Entrada de audio:1
Entradas USB tipo C:1
Garantía del proveedor:1 año
Idioma del sistema operativo:Español
Lector de tarjetas de memorias SD:Si
Material de la batería:Li-on
Material del chasis:Metal
Memoria RAM:4 GB
Micrófono integrado:Si
Modelo tarjeta gráfica:Integrated ARM Mali-G76 MC4 GPU
País de origen:China
Peso con empaque:600 GR
Peso del producto:460 GR
Profundidad del empaque:17
Profundidad del producto:15 CM
Puerto mini display:1
Año del modelo:2020
Resolución pantalla:1920 x 1200 PX
Sistema de sonido:Dolby Atmos
Sistema operativo:Android 11
Tamaño de la pantalla:10,3 Pulgadas
Tasa de refresco:60 Hz
Tipo de gráficos:Integrados
Tipo de memoria ram:LPDDR4x
Tipo de pantalla:LCD
Tipo de procesador:MediaTek Helio G90T
Tipo de wi fi:11ac 1x1
Velocidad del procesador:2.0 GHz
Wi-Fi integrado:Si
Capacidad de la batería:5000 mAh
Modelo:YT-J706F
Part number:ZA8W0073CL"
"Tablet Lenovo Tab M10 Plus, 4GB RAM, 128GB, Wi-Fi, 10,3', Octa Core","1175996","sku:1175996
Color:Platinum Grey
Marca:LENOVO
Tipo de producto:Tablet
Alto del empaque:2 CM
Alto del producto:0,85 CM
Ancho del empaque:30 CM
Ancho del producto:24 CM
Bloqueo de seguridad:Si
Bluetooth:V 5.0
Brillo máximo:330 nits
Cantidad de núcleos:Octa Core
Cantidad de parlantes:2
Capacidad del disco duro:128 GB
Chipset:MediaTek SoC Platform
Duración de la batería:8 horas
Entrada de audio:1
Entradas USB tipo C:1
Garantía del proveedor:1 año
Idioma del sistema operativo:Español
Lector de huella digital:No
Lector de tarjetas de memorias SD:Si
Material de la batería:Li-on
Material del chasis:Metal
Memoria RAM:4 GB
Micrófono integrado:Si
País de origen:China
Peso con empaque:1 KG
Peso del producto:460 CM
Profundidad del empaque:17 CM
Profundidad del producto:15 CM
Año del modelo:2020
Resolución pantalla:1920 x 1200 PX
Sistema de sonido:Dolby Atmos
Sistema operativo:Android 9
Tamaño de la pantalla:10,3 Pulgadas
Tasa de refresco:60 Hz
Tipo de memoria ram:LPDDR4x
Tipo de pantalla:LCD
Tipo de procesador:MediaTek Helio P22T
Tipo de wi fi:11ac 1x1
Velocidad del procesador:2,3 GHz
Wi-Fi integrado:Si
Tipo de puerto para adaptador de alimentación:Round Tip
Capacidad de la batería:7500 mAh
Modelo:TB-X606F
Part number:ZA5T0166CL"
"Notebook Lenovo Ideapad 3 AMD Ryzen 3, 12GB RAM, 1TB + 128GB, 15,6'","1175997","sku:1175997
Color:Abyss Blue
Marca:LENOVO
Tipo de producto:Notebook
Almacenamiento mecánico:Si
Almacenamiento SSD:Si
Alto del empaque:25 CM
Alto del producto:1,9 CM
Ancho del empaque:40 CM
Ancho del producto:36 CM
Bahía de almacenamiento expandible:Si
Bloqueo de seguridad:Si
Bluetooth:V 5.0
Brillo máximo:220 nits
Cantidad de núcleos:Dual Core
Cantidad de parlantes:2
Cantidad de slot:1
Capacidad del disco duro:1 TB + 128 GB
Chipset:AMD SoC Platform
Consumo:65 W
Duración de la batería:5 horas
Entrada de audio:1
Entradas USB 2.0:1
Entradas USB 3.0:1
Entradas USB 3.1:1
Garantía del proveedor:1 año
Idioma del sistema operativo:Español
Lector de huella digital:No
Lector de tarjetas de memorias SD:Si
Material de la batería:Li-on
Material del chasis:PC + ABS
Memoria RAM:12 GB
Memoria RAM en slot:8 GB
Memoria ram máxima soportada:12 GB
Micrófono integrado:Si
País de origen:China
Pantalla táctil:No
Peso con empaque:2 KG
Peso del producto:1,85 KG
Profundidad del empaque:3 CM
Profundidad del producto:25 CM
Puerto mini display:1
Resolución pantalla:1366 x 768 PX
Sistema de sonido:High Definition (HD) Audio
Sistema operativo:Windows 11 Home 64
Slot en uso:1
Tamaño de la pantalla:15,6 Pulgadas
Tasa de refresco:60 Hz
Teclado numérico:Si
Teclado retroiluminado:No
Teclas anti-ghosting:No
Tipo de gráficos:Integrado
Tipo de memoria ram:DDR4
Tipo de pantalla:LCD
Tipo de procesador:AMD Ryzen 3 3250U
Velocidad de memoria ram:2400 MHz
Velocidad del disco duro:5400 RPM
Velocidad del procesador:3,5 GHz
Wi-Fi integrado:Si
Tipo de bahía de almacenamiento:M.2
Tipo de batería:Integrada
Tipo de puerto para adaptador de alimentación:Round Tip
Voltaje de salida:65 W
Modelo:15ADA05
Información adicional:Cuenta con Webcam, Memoria RAM integrada de 4 GB y Procesador AMD Ryzen 3 3250U (2C / 4T, 2.6 / 3.5GHz, 1MB L2 / 4MBL3)"
"Notebook Lenovo Ideapad 3 AMD Ryzen 3, 8GB RAM, 512GB SSD, 14,1' ","1175998","sku:1175998
Color:Abyss Blue
Marca:LENOVO
Tipo de producto:Notebook
Almacenamiento SSD:Si
Alto del empaque:25 CM
Alto del producto:1,9 CM
Ancho del empaque:40 CM
Ancho del producto:36 CM
Bahía de almacenamiento expandible:Si
Bloqueo de seguridad:Si
Bluetooth:V 5.0
Brillo máximo:250 nits
Cantidad de núcleos:Quad Core
Cantidad de parlantes:2
Cantidad de slot:1
Capacidad del disco duro:512 GB
Chipset:AMD SoC Platform
Consumo:65 W
Duración de la batería:5 horas
Entrada de audio:1
Entradas USB 2.0:1
Entradas USB 3.0:1
Entradas USB 3.1:1
Garantía del proveedor:1 año
Idioma del sistema operativo:Español
Lector de huella digital:No
Lector de tarjetas de memorias SD:Si
Material de la batería:Li-on
Material del chasis:PC + ABS
Memoria RAM:8 GB
Memoria RAM en slot:4 GB
Memoria ram máxima soportada:12 GB
Micrófono integrado:Si
País de origen:China
Pantalla táctil:No
Peso con empaque:2 KG
Peso del producto:1,85 KG
Profundidad del empaque:3 CM
Profundidad del producto:25 CM
Puerto mini display:1
Resolución pantalla:1920 x 1080 PX
Sistema de sonido:High Definition (HD) Audio
Sistema operativo:Windows 11 Home 64
Slot en uso:1
Tamaño de la pantalla:14,1 Pulgadas
Tasa de refresco:60 Hz
Teclado numérico:Si
Teclado retroiluminado:No
Teclas anti-ghosting:No
Tipo de gráficos:Integrado
Tipo de memoria ram:DDR4
Tipo de pantalla:LCD
Tipo de procesador:AMD Ryzen 3 5300U
Velocidad de memoria ram:3200 MHz
Velocidad del procesador:3,8 GHz
Wi-Fi integrado:Si
Tipo de bahía de almacenamiento:M.2
Tipo de disco duro:SSD
Tipo de puerto para adaptador de alimentación:Round Tip
Voltaje de salida:65 W
Modelo:14ALC6
Información adicional:Cuenta con Webcam"
"Notebook Lenovo Ideapad 3 PenG7505, 12GB RAM, 256GB SSD, 15,6'  ","1175999","sku:1175999
Color:Arctic Grey
Marca:LENOVO
Tipo de producto:Notebook
Almacenamiento SSD:Si
Alto del empaque:25 CM
Alto del producto:1,9 CM
Ancho del empaque:40 CM
Ancho del producto:36 CM
Bahía de almacenamiento expandible:Si
Bloqueo de seguridad:Si
Bluetooth:V 5.0
Brillo máximo:250 nits
Cantidad de núcleos:Dual Core
Cantidad de parlantes:2
Cantidad de slot:1
Capacidad del disco duro:256 GB
Chipset:Intel SoC Platform
Consumo:65 W
Duración de la batería:5 horas
Entrada de audio:1
Entradas USB 2.0:1
Entradas USB 3.0:1
Entradas USB 3.1:1
Garantía del proveedor:1 año
Idioma del sistema operativo:Español
Lector de huella digital:No
Lector de tarjetas de memorias SD:Si
Material de la batería:Li-on
Material del chasis:PC + ABS
Memoria RAM:8 GB
Memoria RAM en slot:4 GB
Memoria ram máxima soportada:12 GB
Micrófono integrado:Si
País de origen:China
Pantalla táctil:No
Peso con empaque:2 KG
Peso del producto:1,85 KG
Profundidad del empaque:3 CM
Profundidad del producto:25 CM
Puerto mini display:1
Resolución pantalla:1920 x 1080 PX
Sistema de sonido:High Definition (HD) Audio
Sistema operativo:Windows 10 Home 64
Slot en uso:1
Tamaño de la pantalla:15,6 Pulgadas
Tasa de refresco:60 Hz
Teclado numérico:Si
Teclado retroiluminado:No
Teclas anti-ghosting:No
Tipo de gráficos:Integrado
Tipo de memoria ram:DDR4
Tipo de pantalla:LCD
Tipo de procesador:Intel Pentium Gold 7505
Velocidad de memoria ram:3200 MHz
Velocidad del procesador:3,5 GHz
Wi-Fi integrado:Si
Tipo de bahía de almacenamiento:M.2
Tipo de batería:Integrada
Tipo de disco duro:SSD
Tipo de puerto para adaptador de alimentación:Round Tip
Voltaje de salida:65 W
Modelo:15ITL6
Información adicional:"
"Combo Máquina Overlock Singer 14HD854 + Máquina de Coser Computarizada Singer HD6605C","1176001","sku:1173711
Color:Blanco
Marca:SINGER
Tipo de producto:Máquinas de coser y Accesorios
Alto del producto:20 CM
Ancho del producto:40 CM
Profundidad del producto:60 CM
Peso del producto:8 KG
Bloqueo de seguridad:Si
Tipo de panel:Análogo
Accesorios:Pie de uso general, pie de cremallera, pie de ojal, pie de costura de botón, guía de borde / acolchado, paquete de agujas, bobinas, fieltro para hilos, desatornillador, cepillos para pelusas, cubierta de polvo suave.
Alto del empaque:22 CM
Ancho del empaque:45 CM
Peso con empaque:8 KG
Profundidad del empaque:40 CM
Garantía del proveedor:2 años
Modelo:14HD854
País de origen:Vietnam
Iluminación incorporada:Si
Material de la estructura:Plástico
Ajuste de tensión de hilo:Si
Cajón para accesorios:No
Control de velocidad:Si
Cortador automático de hilo:Si
Enhebrador automático:Si
Material del marco:Acero
Palanca de rodilla:No
Presión de pedal ajustable:Si
Puntadas por minuto:1100
Devanador automático:Si
Cantidad de agujas:1
Cantidad de puntadas:23
Capacidad de coser cuero:Si
Memoria de diseño:No
Tipos de puntada:Variable
Información adicional:"
"Cama Europea Celta 1,5 Plazas Active 105 x 190 CM + Set Muebles Alba White","1176002","sku:1176002
Marca:CELTA
Tipo de producto:Cama Europea
Garantía del proveedor:1 año
Modelo:Active
Plazaje:1,5 Plazas
Manual de armado incluido:Si
Material de la base:Madera de pino
Material del tapiz de la base:Tela
Requiere armado:Si
Cantidad de patas:4
Tipo de base:Normal
Ancho de la base:105 CM
Alto de la base:38 CM
Largo de la base:190 CM
Peso de la base:23 KG
Ancho del colchón:105 CM
Alto del colchón:24 CM
Largo del colchón:190 CM
Peso del colchón:20 KG
Material del tapiz del colchón:Tela de punto
Tipo de resortes del colchón:Bonnell
Alto total:62 CM
Información adicional:"
"Cama Europea Celta 1,5 Plazas Active 105 x 190 CM + Set Muebles Aura Honey","1176003","sku:1176003
Marca:CELTA
Tipo de producto:Cama Europea
Garantía del proveedor:1 año
Modelo:Active
Plazaje:1,5 Plazas
Manual de armado incluido:Si
Material de la base:Madera de pino
Material del tapiz de la base:Tela
Requiere armado:Si
Cantidad de patas:4
Tipo de base:Normal
Ancho de la base:105 CM
Alto de la base:38 CM
Largo de la base:190 CM
Peso de la base:23 KG
Ancho del colchón:105 CM
Alto del colchón:24 CM
Largo del colchón:190 CM
Peso del colchón:20 KG
Material del tapiz del colchón:Tela de punto
Tipo de resortes del colchón:Bonnell
Alto total:62 CM
Información adicional:"
"Cama Europea Celta 1,5 Plazas Bamboo 105 x 190 CM + Set Muebles Alba White","1176004","sku:1176004
Marca:CELTA
Tipo de producto:Cama Europea
Garantía del proveedor:1 año
Modelo:Bamboo
Plazaje:1,5 Plazas
Manual de armado incluido:Si
Material de la base:Madera de pino
Material del tapiz de la base:Tela
Requiere armado:Si
Cantidad de patas:4
Tipo de base:Normal
Ancho de la base:105 CM
Alto de la base:38 CM
Largo de la base:190 CM
Peso de la base:23 KG
Ancho del colchón:105 CM
Alto del colchón:22 CM
Largo del colchón:190 CM
Peso del colchón:22 KG
Material del tapiz del colchón:Tela de punto con fibras de bamboo
Tipo de resortes del colchón:Bonnell
Alto total:62 CM
Información adicional:"
"Cama Europea Celta 1,5 Plazas Bamboo 105 x 190 CM + Set Muebles Aura Honey","1176005","sku:1176005
Marca:CELTA
Tipo de producto:Cama Europea
Garantía del proveedor:1 año
Modelo:Bamboo
Plazaje:1,5 Plazas
Manual de armado incluido:Si
Material de la base:Madera de pino
Material del tapiz de la base:Tela
Requiere armado:Si
Cantidad de patas:4
Tipo de base:Normal
Ancho de la base:105 CM
Alto de la base:38 CM
Largo de la base:190 CM
Peso de la base:23 KG
Ancho del colchón:105 CM
Alto del colchón:24 CM
Largo del colchón:190 CM
Peso del colchón:22 KG
Material del tapiz del colchón:Tela de punto con fibras de bamboo
Tipo de resortes del colchón:Bonnell
Alto total:62 CM
Información adicional:"
"Cama Europea Celta 1,5 Plazas Evolution Black 105 x 190 CM + Set Muebles Alba White","1176006","sku:1176006
Marca:CELTA
Tipo de producto:Cama Europea
Garantía del proveedor:1 año
Modelo:Evolution Black
Plazaje:1,5 Plazas
Manual de armado incluido:Si
Material de la base:Madera de pino
Material del tapiz de la base:Tela
Requiere armado:Si
Cantidad de patas:4
Tipo de base:Normal
Ancho de la base:105 CM
Alto de la base:38
Largo de la base:190 CM
Peso de la base:23 KG
Ancho del colchón:105 CM
Alto del colchón:22 CM
Largo del colchón:190 CM
Peso del colchón:20 KG
Material del tapiz del colchón:Tela de punto
Tipo de resortes del colchón:Bonnell
Alto total:60 CM
Información adicional:"
"Cama Europea Celta 1,5 Plazas New Mega 105 x 190 CM + Set Muebles Alba White","1176007","sku:1176007
Marca:CELTA
Tipo de producto:Cama Europea
Garantía del proveedor:1 año
Modelo:New Mega
Plazaje:1,5 Plazas
Manual de armado incluido:Si
Material de la base:Madera de pino
Material del tapiz de la base:Tela
Requiere armado:Si
Cantidad de patas:4
Tipo de base:Normal
Ancho de la base:105 CM
Alto de la base:38 CM
Largo de la base:190 CM
Peso de la base:23 KG
Ancho del colchón:105 CM
Alto del colchón:22 CM
Largo del colchón:190 CM
Peso del colchón:20 KG
Material del tapiz del colchón:Tela de punto
Tipo de resortes del colchón:Bonnell
Alto total:60 CM
Información adicional:"
"Cama Europea Celta 1,5 Plazas New Mega 105 x 190 CM + Set Muebles Aura Honey","1176008","sku:1176008
Marca:CELTA
Tipo de producto:Cama Europea
Garantía del proveedor:1 año
Modelo:New Mega
Plazaje:1,5 Plazas
Manual de armado incluido:Si
Material de la base:Madera de pino
Material del tapiz de la base:Tela
Requiere armado:Si
Cantidad de patas:4
Tipo de base:Normal
Ancho de la base:105 CM
Alto de la base:38 CM
Largo de la base:190 CM
Peso de la base:23 KG
Ancho del colchón:105 CM
Alto del colchón:22 CM
Largo del colchón:190 CM
Peso del colchón:20 KG
Material del tapiz del colchón:Tela de punto
Tipo de resortes del colchón:Bonnell
Alto total:60 CM
Información adicional:"
"Cama Europea Celta 1,5 Plazas Terapeutic 105 x 190 CM + Set Muebles Aura Honey","1176009","sku:1176009
Marca:CELTA
Tipo de producto:Cama Europea
Garantía del proveedor:1 año
Modelo:Terapeutic
Plazaje:1,5 plazas
Manual de armado incluido:Si
Material de la base:Madera de pino
Material del tapiz de la base:Tela
Requiere armado:Si
Cantidad de ruedas:4
Tipo de base:Normal
Ancho de la base:105 CM
Alto de la base:38 CM
Largo de la base:190 CM
Peso de la base:23 KG
Ancho del colchón:105 CM
Alto del colchón:26 CM
Largo del colchón:190 CM
Peso del colchón:23 KG
Material del tapiz del colchón:Tela de punto
Tipo de resortes del colchón:Bonnell
Alto total:64 CM
Información adicional:"
"Cama Europea Celta 2 Plazas Active 150 x 190 CM + Set Muebles Alba White","1176010","sku:1176010
Marca:CELTA
Tipo de producto:Cama Europea
Garantía del proveedor:1 año
Modelo:Active
Plazaje:2 Plazas
Manual de armado incluido:Si
Material de la base:Madera de pino
Material del tapiz de la base:Tela
Requiere armado:Si
Cantidad de patas:4
Tipo de base:Normal
Ancho de la base:150 CM
Alto de la base:38 CM
Largo de la base:190 CM
Peso de la base:32 KG
Ancho del colchón:150 CM
Alto del colchón:24 CM
Largo del colchón:190 CM
Peso del colchón:30 KG
Material del tapiz del colchón:Tela de punto
Tipo de resortes del colchón:Bonnell
Alto total:62 CM
Información adicional:"
"Cama Europea Celta 2 Plazas Active Base Dividida 150 x 190 CM + Set Muebles Alba White","1176011","sku:1176011
Marca:CELTA
Tipo de producto:Cama Europea
Garantía del proveedor:1 año
Modelo:Active
Plazaje:2 Plazas
Manual de armado incluido:Si
Material de la base:Madera de pino
Material del tapiz de la base:Tela
Requiere armado:Si
Cantidad de patas:8
Tipo de base:Dividida
Ancho de la base:150 CM
Alto de la base:38 CM
Largo de la base:190 CM
Peso de la base:32 KG
Ancho del colchón:150 CM
Alto del colchón:24 CM
Largo del colchón:190 CM
Peso del colchón:30 KG
Material del tapiz del colchón:Tela de punto
Tipo de resortes del colchón:Bonnell
Alto total:62 CM
Información adicional:"
"Cama Europea Celta 2 Plazas Active 150 x 190 CM + Set Muebles Aura Honey","1176012","sku:1176012
Marca:CELTA
Tipo de producto:Cama Europea
Garantía del proveedor:1 año
Modelo:Active
Plazaje:2 Plazas
Manual de armado incluido:Si
Material de la base:Madera de pino
Material del tapiz de la base:Tela
Requiere armado:Si
Cantidad de patas:4
Tipo de base:Normal
Ancho de la base:150 CM
Alto de la base:38 CM
Largo de la base:190 CM
Peso de la base:32 KG
Ancho del colchón:150 CM
Alto del colchón:24 CM
Largo del colchón:190 CM
Peso del colchón:30 KG
Material del tapiz del colchón:Tela de punto
Tipo de resortes del colchón:Bonnell
Alto total:62 CM
Información adicional:"
"Cama Europea Celta 2 Plazas Active Base Dividida 150 x 190 CM + Set Muebles Aura Honey","1176013","sku:1176013
Marca:CELTA
Tipo de producto:Cama Europea
Garantía del proveedor:1 año
Modelo:Active
Plazaje:2 Plazas
Manual de armado incluido:Si
Material de la base:Madera de pino
Material del tapiz de la base:Tela
Requiere armado:Si
Cantidad de patas:8
Tipo de base:Dividida
Ancho de la base:150 CM
Alto de la base:38 CM
Largo de la base:190 CM
Peso de la base:32 KG
Ancho del colchón:150 CM
Alto del colchón:24 CM
Largo del colchón:190 CM
Peso del colchón:30 KG
Material del tapiz del colchón:Tela de punto
Tipo de resortes del colchón:Bonnell
Alto total:62 CM
Información adicional:"
"Cama Europea Celta 2 Plazas Bamboo 150 x 190 CM + Set Muebles Alba White","1176014","sku:1176014
Marca:CELTA
Tipo de producto:Cama Europea
Garantía del proveedor:1 año
Modelo:Bamboo
Plazaje:2 Plazas
Manual de armado incluido:Si
Material de la base:Madera de Pino
Material del tapiz de la base:Tela
Requiere armado:Si
Cantidad de patas:4
Tipo de base:Normal
Ancho de la base:150 CM
Alto de la base:38 CM
Largo de la base:190 CM
Peso de la base:32 KG
Ancho del colchón:150
Alto del colchón:24 CM
Largo del colchón:190 CM
Peso del colchón:32 KG
Material del tapiz del colchón:Tela de punto con fibras de bamboo
Tipo de resortes del colchón:Bonnell
Alto total:62 CM
Información adicional:"
"Cama Europea Celta 2 Plazas Bamboo Base Dividida 150 x 190 CM + Set Muebles Alba White","1176015","sku:1176015
Marca:CELTA
Tipo de producto:Cama Europea
Garantía del proveedor:1 año
Modelo:Bamboo
Plazaje:2 Plazas
Manual de armado incluido:Si
Material de la base:Madera de pino
Material del tapiz de la base:Tela
Requiere armado:Si
Cantidad de patas:8
Tipo de base:Dividida
Ancho de la base:150 CM
Alto de la base:38 CM
Largo de la base:190 CM
Peso de la base:32 KG
Ancho del colchón:150 CM
Alto del colchón:24 CM
Largo del colchón:190 CM
Peso del colchón:32 KG
Material del tapiz del colchón:Tela de punto con fibras de bamboo
Tipo de resortes del colchón:Bonnell
Alto total:62 CM
Información adicional:"
"Cama Europea Celta 2 Plazas Bamboo 150 x 190 CM  + Set Muebles Aura Honey","1176016","sku:1176016
Marca:CELTA
Tipo de producto:Cama Europea
Garantía del proveedor:1 año
Modelo:Bamboo
Plazaje:2 Plazas
Manual de armado incluido:Si
Material de la base:Madera de pino
Material del tapiz de la base:Tela
Requiere armado:Si
Cantidad de patas:4
Tipo de base:Normal
Ancho de la base:150 CM
Alto de la base:38 CM
Largo de la base:190 CM
Peso de la base:32 KG
Ancho del colchón:150 CM
Alto del colchón:24 CM
Largo del colchón:190 CM
Peso del colchón:32 KG
Material del tapiz del colchón:Tela de punto con fibras de bamboo
Tipo de resortes del colchón:Bonnell
Alto total:62 CM
Información adicional:"
"Cama Europea Celta 2 Plazas Bamboo Base Dividida 150 x 190 CM + Set Muebles Aura Honey","1176017","sku:1176017
Marca:CELTA
Tipo de producto:Cama Europea
Garantía del proveedor:1 año
Modelo:Bamboo
Plazaje:2 Plazas
Manual de armado incluido:Si
Material de la base:Madera de pino
Material del tapiz de la base:Tela
Requiere armado:Si
Cantidad de patas:8
Tipo de base:Dividida
Ancho de la base:150 CM
Alto de la base:38 CM
Largo de la base:190 CM
Peso de la base:32 KG
Ancho del colchón:150 CM
Alto del colchón:24 CM
Largo del colchón:190 CM
Peso del colchón:32 KG
Material del tapiz del colchón:Tela de punto con fibras de bamboo
Tipo de resortes del colchón:Bonnell
Alto total:62 CM
Información adicional:"
"Cama Europea Celta 2 Plazas Evolution Black 150 x 190 CM + Set Mueble Alba White","1176018","sku:1176018
Marca:CELTA
Tipo de producto:Cama Europea
Garantía del proveedor:1 año
Modelo:Evolution Black
Plazaje:2 Plazas
Manual de armado incluido:Si
Material de la base:Madera de pino
Material del tapiz de la base:Tela
Requiere armado:Si
Cantidad de patas:4
Tipo de base:Normal
Ancho de la base:150 CM
Alto de la base:38 CM
Largo de la base:190 CM
Peso de la base:32 KG
Ancho del colchón:150 CM
Alto del colchón:22 CM
Largo del colchón:190 CM
Peso del colchón:28 KG
Material del tapiz del colchón:Tela de punto
Tipo de resortes del colchón:Bonnell
Alto total:60 CM
Información adicional:"
"Cama Europea Celta 2 Plazas Evolution Black Base Dividida 150 x 190 CM + Set Muebles Alba White","1176019","sku:1176019
Marca:CELTA
Tipo de producto:Cama Europea
Garantía del proveedor:1 año
Modelo:Evolution Black
Plazaje:2 plazas
Manual de armado incluido:Si
Material de la base:Madera de pino
Material del tapiz de la base:Tela
Requiere armado:Si
Cantidad de patas:8
Tipo de base:Dividida
Ancho de la base:150 CM
Alto de la base:38 CM
Largo de la base:190 CM
Peso de la base:32 KG
Ancho del colchón:150 CM
Alto del colchón:22 CM
Largo del colchón:190 CM
Peso del colchón:28 KG
Material del tapiz del colchón:Tela de punto
Tipo de resortes del colchón:Bonnell
Alto total:60 CM
Información adicional:"
"Cama Europea Celta 2 Plazas New Mega 150 x 190 CM + Set Muebles Alba White","1176020","sku:1176020
Marca:CELTA
Tipo de producto:Cama Europea
Garantía del proveedor:1 año
Modelo:New Mega
Plazaje:2 Plazas
Manual de armado incluido:Si
Material de la base:Madera de pino
Material del tapiz de la base:Tela
Requiere armado:Si
Cantidad de patas:4
Tipo de base:Normal
Ancho de la base:150 CM
Alto de la base:38 CM
Largo de la base:190 CM
Peso de la base:32 KG
Ancho del colchón:150 CM
Alto del colchón:22 CM
Largo del colchón:19 CM
Peso del colchón:32 KG
Material del tapiz del colchón:Tela de punto
Tipo de resortes del colchón:Bonnell
Alto total:60 CM
Información adicional:"
"Cama Europea Celta 2 Plazas New Mega Base Dividida 150 x 190 CM + Set Muebles Alba White","1176021","sku:1176021
Marca:CELTA
Tipo de producto:Cama Europa
Garantía del proveedor:1 año
Modelo:New Mega
Plazaje:2 Plazas
Manual de armado incluido:Si
Material de la base:Madera de pino
Material del tapiz de la base:Tela
Requiere armado:Si
Cantidad de patas:8
Tipo de base:Dividida
Ancho de la base:150 CM
Alto de la base:38 CM
Largo de la base:190 CM
Peso de la base:32 KG
Ancho del colchón:150 CM
Alto del colchón:22 CM
Largo del colchón:190 CM
Peso del colchón:32 KG
Material del tapiz del colchón:Tela de punto
Tipo de resortes del colchón:Bonnell
Alto total:60 CM
Información adicional:"
"Cama Europea Celta 2 Plazas New Mega 150 x 190 CM + Set Muebles Aura Honey","1176022","sku:1176022
Marca:CELTA
Tipo de producto:Cama Europea
Garantía del proveedor:1 año
Modelo:New Mega
Plazaje:2 Plazas
Manual de armado incluido:Si
Material de la base:Madera de pino
Material del tapiz de la base:Tela
Requiere armado:Si
Cantidad de patas:4
Tipo de base:Normal
Ancho de la base:150 CM
Alto de la base:38 CM
Largo de la base:190 CM
Peso de la base:32 KG
Ancho del colchón:150 CM
Alto del colchón:22 CM
Largo del colchón:190 CM
Peso del colchón:32 KG
Material del tapiz del colchón:Tela de punto
Tipo de resortes del colchón:Bonnell
Alto total:60 CM
Información adicional:"
"Cama Europea Celta 2 Plazas New Mega Base Dividida 150 x 190 CM + Set Muebles Aura Honey","1176023","sku:1176023
Marca:CELTA
Tipo de producto:Cama Europea
Garantía del proveedor:1 año
Modelo:New Mega
Plazaje:2 Plazas
Manual de armado incluido:Si
Material de la base:Madera de pino
Material del tapiz de la base:Tela
Requiere armado:Si
Cantidad de patas:8
Tipo de base:Dividida
Ancho de la base:150 CM
Alto de la base:38 CM
Largo de la base:190 CM
Peso de la base:32 KG
Ancho del colchón:150 CM
Alto del colchón:22 CM
Largo del colchón:190 CM
Peso del colchón:32 KG
Material del tapiz del colchón:Tela de punto
Tipo de resortes del colchón:Bonnell
Alto total:60 CM
Información adicional:"
"Cama Europea Celta 2 Plazas Terapeutic 150 x 190 CM + Set Muebles Aura Honey","1176024","sku:1176024
Marca:CELTA
Tipo de producto:Cama Europea
Garantía del proveedor:1 año
Modelo:Terapeutic
Plazaje:2 Plazas
Manual de armado incluido:Si
Material de la base:Madera de pino
Material del tapiz de la base:Tela
Requiere armado:Si
Cantidad de patas:4
Tipo de base:Normal
Ancho de la base:150 CM
Alto de la base:38 CM
Largo de la base:190 CM
Peso de la base:32 KG
Ancho del colchón:150 CM
Alto del colchón:26 CM
Largo del colchón:190 CM
Peso del colchón:35 KG
Material del tapiz del colchón:Tela de punto
Tipo de resortes del colchón:Bonnell
Alto total:64 CM
Información adicional:"
"Cama Europea Celta 2 Plazas Terapeutic Base Dividida 150 x 190 CM + Set Muebles Aura Honey","1176025","sku:1176025
Marca:CELTA
Tipo de producto:Cama Europea
Garantía del proveedor:1 año
Modelo:Terapeutic
Plazaje:2 Plazas
Manual de armado incluido:Si
Material de la base:Madera de pino
Material del tapiz de la base:Tela
Requiere armado:Si
Cantidad de patas:8
Tipo de base:Dividida
Ancho de la base:150 CM
Alto de la base:38 CM
Largo de la base:190 CM
Peso de la base:32 KG
Ancho del colchón:150 CM
Alto del colchón:26 CM
Largo del colchón:190 CM
Peso del colchón:35 KG
Material del tapiz del colchón:Tela de punto
Tipo de resortes del colchón:Bonnell
Alto total:64 CM
Información adicional:"
"Cama Europea Celta King Terapeutic Base Dividida 180 x 200 CM + Set Muebles Aura Honey","1176026","sku:1176026
Marca:CELTA
Tipo de producto:Cama Europea
Garantía del proveedor:1 año
Hipoálergenico:Terapeutic
Plazaje:King
Manual de armado incluido:No
Material de la base:Madera de pino
Material del tapiz de la base:Tela
Requiere armado:Si
Cantidad de patas:8
Tipo de base:Dividida
Ancho de la base:180 CM
Alto de la base:38 CM
Largo de la base:200 CM
Peso de la base:35 KG
Ancho del colchón:180 CM
Alto del colchón:26 CM
Largo del colchón:200 CM
Peso del colchón:41 KG
Material del tapiz del colchón:Tela de punto
Tipo de resortes del colchón:Bonnell
Alto total:64 CM
Información adicional:"
"Cama Europea Rosen Full Pratta 135 x 200 CM + Set Muebles Ferrara","1176027","sku:1176027
Marca:ROSEN
Tipo de producto:Cama Europea
Garantía del proveedor:1 año
Modelo:Pratta
Plazaje:Full
Material de las patas:Acero
Material del tapiz de la base:Tela Jacquard Belga
Cantidad de patas:5
Tipo de base:Normal
Ancho de la base:135 CM
Alto de la base:16 CM
Largo de la base:200 CM
Ancho del colchón:135 CM
Alto del colchón:21 CM
Largo del colchón:200 CM
Material del tapiz del colchón:Funda desmontable en Tejido Punto. Zona de confort: Capa de poliuretano Memory Soft Rosen. Sistema de soporte: Floating System + Cosisoft. Marco de Poliuretano y estructura de resortes Cosisoft. Tela fuelle colchón: Tejido Punto Belga.
Tipo de resortes del colchón:Cosisoft
Alto total:57 CM
Información adicional:"
"Cama Europea Rosen Full Pratta 135 x 200 CM + Set Muebles Dolce ","1176028","sku:1176028
Marca:ROSEN
Tipo de producto:Cama Europea
Garantía del proveedor:1 año
Modelo:Pratta
Plazaje:Full
Material de las patas:Acero
Material del tapiz de la base:Tela Jacquard Belga
Cantidad de patas:5
Tipo de base:Normal
Ancho de la base:135 CM
Alto de la base:16 CM
Largo de la base:200 CM
Ancho del colchón:135 CM
Alto del colchón:21 CM
Largo del colchón:200 CM
Material del tapiz del colchón:Funda desmontable en Tejido Punto. Zona de confort: Capa de poliuretano Memory Soft Rosen. Sistema de soporte: Floating System + Cosisoft. Marco de Poliuretano y estructura de resortes Cosisoft. Tela fuelle colchón: Tejido Punto Belga.
Tipo de resortes del colchón:Cosisoft
Alto total:57 CM
Información adicional:"
"Cama Europea Rosen 2 Plazas Pratta Base Dividida 150 x 200 CM + Respaldo Ferrara","1176029","sku:1176029
Marca:ROSEN
Tipo de producto:Cama Europea
Garantía del proveedor:1 año
Modelo:Pratta
Plazaje:2 plazas
Accesorios:Respaldo
Material de las patas:Acero
Material del tapiz de la base:Tela Jacquard Belga
Cantidad de patas:10
Tipo de base:Dividida
Ancho de la base:150 CM
Alto de la base:16 CM
Largo de la base:200 CM
Ancho del colchón:150 CM
Alto del colchón:21 CM
Largo del colchón:200 CM
Material del tapiz del colchón:Funda desmontable en Tejido Punto. Zona de confort: Capa de poliuretano Memory Soft Rosen. Sistema de soporte: Floating System + Cosisoft. Marco de Poliuretano y estructura de resortes Cosisoft. Tela fuelle colchón: Tejido Punto Belga.
Tipo de resortes del colchón:Cosisoft
Alto total:57 CM
Información adicional:"
"Cama Europea Rosen 2 Plazas Ergo T Base Dividida 150x200 CM + Respaldo Ferrara","1176030","sku:1176030
Marca:ROSEN
Tipo de producto:Cama Europea
Garantía del proveedor:1 año
Modelo:Ergo T
Plazaje:2 plazas
Accesorios:Respaldo
Material de las patas:Madera de pino
Cantidad de patas:10
Tipo de base:Dividida
Ancho de la base:150 CM
Alto de la base:16 CM
Largo de la base:200 CM
Ancho del colchón:150 CM
Alto del colchón:23 CM
Largo del colchón:200 CM
Material del tapiz del colchón:Tela Jacquard Belga con tratamientos Sanitized y Fire Retardant. Napa de fibra poliéster. Capa fibro textil termofusionada. Zona de Confort: Capa de fibro espuma termofusionada. Sistema de Soporte: Floating System. Marco de poliuretano + estructura de resortes Bonnell. Tela Fuelle Colchón: Tela Jacquard Belga
Tipo de resortes del colchón:Bonnell
Alto total:58 CM
Información adicional:"
"Diván Rosen 1,5 Plazas Ergo T 105x200 CM + Respaldo Tabor Grafito","1176031","sku:1176031
Marca:ROSEN
Tipo de producto:Camas funcionales
Garantía del proveedor:1 año
Modelo:Ergo T
Plazaje:1,5 plazas
Tipo de base:Funcional
Ancho de la base:105 CM
Alto de la base:36 CM
Largo de la base:200 CM
Ancho del colchón:105 CM
Alto del colchón:23 CM
Largo del colchón:200 CM
Material del tapiz del colchón:
Tipo de resortes del colchón:Bonnell
Alto total:64 CM
Información adicional:"
"Diván Rosen 1,5 Plazas Ergo T 105x200 CM + Respaldo Tabor Caramelo","1176032","sku:1176032
Marca:ROSEN
Tipo de producto:Camas funcionales
Garantía del proveedor:1 año
Modelo:Ergo T
Plazaje:1,5 plazas
Accesorios:Respaldo
Tipo de base:Funcional
Ancho de la base:105 CM
Alto de la base:36 CM
Largo de la base:200 CM
Ancho del colchón:105 CM
Alto del colchón:23 CM
Largo del colchón:200 CM
Material del tapiz del colchón:Cubierta Colchón: Tela Jacquard Belga con tratamientos Sanitized y Fire Retardant. Napa de fibra poliéster. Capa fibro textil termofusionada. Zona de Confort: Capa de fibro espuma termofusionada. Sistema de Soporte: Floating System. Marco de poliuretano + estructura de resortes Bonnell. Tela Fuelle Colchón: Tela Jacquard Belga
Tipo de resortes del colchón:Bonnell
Alto total:64 CM
Información adicional:"
"Cama Europea Rosen 1 Plaza Wave 90x190 CM + Muebles Tabor Caramelo","1176033","sku:1176033
Marca:ROSEN
Tipo de producto:Cama Europea
Garantía del proveedor:1 año
Modelo:Wave
Plazaje:1 plaza
Accesorios:Respaldo y velador
Material de las patas:Madera de pino
Cantidad de patas:5
Tipo de base:Normal
Ancho de la base:90 CM
Alto de la base:16 CM
Largo de la base:190 CM
Ancho del colchón:90 CM
Alto del colchón:21 CM
Largo del colchón:190 CM
Material del tapiz del colchón:Cubierta Colchón: Tela Jacquard Belga con tratamientos Sanitized y Fire Retardant. Napa de fibra poliéster. Capa fibrotextil termofusionada. Capa de Poliuretano. Floating System marco de poliuretano + estructura de resortes Bonnell.
Tipo de resortes del colchón:Bonnell
Alto total:56 CM
Información adicional:"
"Cama Europea Rosen 1,5 Plazas Wave 105x190 CM +  Set Muebles Tabor Caramelo","1176034","sku:1176034
Marca:ROSEN
Tipo de producto:Cama Europea
Garantía del proveedor:1 año
Modelo:Wave
Plazaje:1,5 plazas
Accesorios:Respaldo y velador
Material de las patas:Madera de pino
Material de la base:Normal
Cantidad de patas:5
Tipo de base:Normal
Ancho de la base:105 CM
Alto de la base:16 CM
Largo de la base:190 CM
Ancho del colchón:105 CM
Alto del colchón:21 CM
Largo del colchón:190 CM
Material del tapiz del colchón:Cubierta Colchón: Tela Jacquard Belga con tratamientos Sanitized y Fire Retardant. Napa de fibra poliéster. Capa fibrotextil termofusionada. Capa de Poliuretano. Floating System marco de poliuretano + estructura de resortes Bonnell.
Tipo de resortes del colchón:Bonnell
Alto total:56 CM
Información adicional:"
"Cama Europea Rosen 2 Plazas Wave 150x190 CM + Set Muebles Tabor Caramelo","1176035","sku:1176035
Marca:ROSEN
Tipo de producto:Cama Europea
Garantía del proveedor:1 año
Modelo:Wave
Plazaje:2 plazas
Accesorios:Respaldo y veladores
Material de las patas:Madera de pino
Cantidad de patas:5
Tipo de base:Normal
Ancho de la base:150 CM
Alto de la base:16 CM
Largo de la base:190 CM
Ancho del colchón:150 CM
Alto del colchón:21 CM
Largo del colchón:190 CM
Material del tapiz del colchón:Cubierta Colchón: Tela Jacquard Belga con tratamientos Sanitized y Fire Retardant. Napa de fibra poliéster. Capa fibrotextil termofusionada. Capa de Poliuretano. Floating System marco de poliuretano + estructura de resortes Bonnell.
Tipo de resortes del colchón:Bonnell
Información adicional:"
"Respaldo Rosen 1,5 Plazas Rachel Café Chocolate ","1176036","sku:1176036
Marca:ROSEN
Tipo de producto:Muebles dormitorio
Garantía del proveedor:6 meses
Modelo:Rachel
Plazaje:1,5 plazas
Color de la estructura respaldo:Café chocolate
Alto del respaldo:60 CM
Ancho del respaldo:112 CM
Profundidad del respaldo:4,5 CM
Material de la estructura respaldo:Madera sólida pino radiata
Material del tapiz respaldo:Cuerina texturada Café Melange"
"Respaldo Rosen 2 Plazas Rachel Café Chocolate","1176037","sku:1176037
Marca:ROSEN
Tipo de producto:Muebles dormitorio
Garantía del proveedor:6 meses
Modelo:Rachel
Plazaje:2 plazas
Color de la estructura respaldo:Café chocolate
Alto del respaldo:60 CM
Ancho del respaldo:162 CM
Profundidad del respaldo:4,5 CM
Material de la estructura respaldo:Madera sólida pino radiata.
Material del tapiz respaldo:Cuerina texturada Café Melange"
"Respaldo Rosen King Rachel Café Chocolate ","1176038","sku:1176038
Marca:ROSEN
Tipo de producto:Muebles dormitorio
Garantía del proveedor:6 meses
Modelo:Rachel
Plazaje:King
Color de la estructura respaldo:Café chocolate
Alto del respaldo:60 CM
Ancho del respaldo:192 CM
Profundidad del respaldo:4,5 CM
Material de la estructura respaldo:Madera sólida pino radiata
Material del tapiz respaldo:Cuerina texturada Café Melange"
"Velador Rosen Ferrara Chocolate","1176039","sku:1176039
Marca:ROSEN
Tipo de producto:Velador
Garantía del proveedor:6 meses
Modelo:Ferrara
Cantidad de cajones veladores:1
Alto de los veladores:61,5 CM
Ancho de los veladores:40,7 CM
Profundidad de los veladores:31,7 CM
Cantidad de repisas veladores:2
Material de los tiradores veladores:Madera torneada
Color de la estructura veladores:Chocolate"
"Cama Europea Rosen 1 Plaza Pratta 90x200 CM + Set Muebles Rachel","1176040","sku:1176040
Marca:ROSEN
Tipo de producto:Cama Europea
Garantía del proveedor:1 año
Modelo:Pratta
Plazaje:1 plaza
Accesorios:Respaldo y velador
Material de las patas:Acero
Material del tapiz de la base:Tela Jacquard Belga
Cantidad de patas:5
Tipo de base:Normal
Ancho de la base:90 CM
Alto de la base:16 CM
Largo de la base:200 CM
Ancho del colchón:90 CM
Alto del colchón:21 CM
Largo del colchón:200 CM
Material del tapiz del colchón:Cubierta colchón: Funda desmontable en Tejido Punto. Zona de confort: Capa de poliuretano Memory Soft Rosen. Sistema de soporte: Floating System + Cosisoft. Marco de Poliuretano y estructura de resortes Cosisoft. Tela fuelle colchón: Tejido Punto Belga.
Tipo de resortes del colchón:Cosisoft
Alto total:57 CM
Información adicional:"
"Cama Europea Rosen 1,5 Plazas Pratta 105x200 CM + Set Muebles Rachel ","1176041","sku:1176041
Marca:ROSEN
Tipo de producto:Cama Europea
Garantía del proveedor:1 año
Modelo:Pratta
Plazaje:1,5 plazas
Accesorios:Respaldo y velador
Material de las patas:Acero
Material del tapiz de la base:Tela Jacquard Belga
Cantidad de patas:5
Tipo de base:Normal
Ancho de la base:105 CM
Alto de la base:16 CM
Largo de la base:200 CM
Ancho del colchón:105 CM
Alto del colchón:21 CM
Largo del colchón:200 CM
Material del tapiz del colchón:Funda desmontable en Tejido Punto. Zona de confort: Capa de poliuretano Memory Soft Rosen. Sistema de soporte: Floating System + Cosisoft. Marco de Poliuretano y estructura de resortes Cosisoft. Tela fuelle colchón: Tejido Punto Belga.
Tipo de resortes del colchón:Cosisoft
Alto total:57 CM
Información adicional:"
"Cama Europea Rosen 2 Plazas Pratta 150x200 CM + Set Muebles Rachel","1176042","sku:1176042
Marca:ROSEN
Tipo de producto:Cama Europea
Garantía del proveedor:1 año
Modelo:Pratta
Plazaje:2 plazas
Accesorios:Respaldo y veladores
Material de las patas:Acero
Material del tapiz de la base:Tela Jacquard Belga
Cantidad de ruedas:5
Tipo de base:Normal
Ancho de la base:150 CM
Alto de la base:16 CM
Largo de la base:200 CM
Ancho del colchón:150 CM
Alto del colchón:21 CM
Largo del colchón:200 CM
Material del tapiz del colchón:Cubierta colchón: Funda desmontable en Tejido Punto. Zona de confort: Capa de poliuretano Memory Soft Rosen. Sistema de soporte: Floating System + Cosisoft. Marco de Poliuretano y estructura de resortes Cosisoft. Tela fuelle colchón: Tejido Punto Belga.
Tipo de resortes del colchón:Cosisoft
Alto total:57 CM
Información adicional:"
"Cama Europea Rosen 2 Plazas Pratta Base Dividida 150x200 CM + Set Muebles Rachel ","1176043","sku:1176043
Marca:ROSEN
Tipo de producto:Cama Europea
Garantía del proveedor:1 año
Modelo:Pratta
Plazaje:2 plazas
Accesorios:Respaldo y veladores
Material de las patas:Acero
Material del tapiz de la base:Tela Jacquard Belga
Cantidad de patas:10
Tipo de base:Dividida
Ancho de la base:150 CM
Alto de la base:16 CM
Largo de la base:200 CM
Ancho del colchón:150 CM
Alto del colchón:21 CM
Largo del colchón:200 CM
Material del tapiz del colchón:Cubierta colchón: Funda desmontable en Tejido Punto. Zona de confort: Capa de poliuretano Memory Soft Rosen. Sistema de soporte: Floating System + Cosisoft. Marco de Poliuretano y estructura de resortes Cosisoft. Tela fuelle colchón: Tejido Punto Belga.
Tipo de resortes del colchón:Cosisoft
Alto total:57 CM
Información adicional:"
"Cama Europea Rosen King Pratta 180x200 CM Base Dividida + Set Muebles Rachel","1176044","sku:1176044
Marca:ROSEN
Tipo de producto:Cama Europea
Garantía del proveedor:1 año
Modelo:Pratta
Plazaje:King
Accesorios:Respaldo y veladores
Material de las patas:Acero
Material del tapiz de la base:Tela Jacquard Belga
Cantidad de patas:10
Tipo de base:Dividida
Ancho de la base:180 CM
Alto de la base:16 CM
Largo de la base:200 CM
Ancho del colchón:180 CM
Alto del colchón:21 CM
Largo del colchón:200 CM
Material del tapiz del colchón:Cubierta colchón: Funda desmontable en Tejido Punto. Zona de confort: Capa de poliuretano Memory Soft Rosen. Sistema de soporte: Floating System + Cosisoft. Marco de Poliuretano y estructura de resortes Cosisoft. Tela fuelle colchón: Tejido Punto Belga.
Tipo de resortes del colchón:Cosisoft
Alto total:57 CM
Información adicional:"
"Cama Europea Rosen 1 Plaza Ergo T 90x200 CM + Set Muebles Rachel","1176045","sku:1176045
Marca:ROSEN
Tipo de producto:Cama Europea
Garantía del proveedor:1 año
Modelo:Ergo T
Plazaje:1 plaza
Accesorios:Respaldo y velador
Material de las patas:Madera de pino
Cantidad de patas:5
Tipo de base:Normal
Ancho de la base:90 CM
Alto de la base:16 CM
Largo de la base:200 CM
Ancho del colchón:90 CM
Alto del colchón:23 CM
Largo del colchón:200 CM
Material del tapiz del colchón:Cubierta Colchón: Tela Jacquard Belga con tratamientos Sanitized y Fire Retardant. Napa de fibra poliéster. Capa fibro textil termofusionada. Zona de Confort: Capa de fibro espuma termofusionada. Sistema de Soporte: Floating System. Marco de poliuretano + estructura de resortes Bonnell. Tela Fuelle Colchón: Tela Jacquard Belga
Tipo de resortes del colchón:Bonnell
Alto total:58 CM
Información adicional:"
"Cama Europea Rosen 1,5 Plazas Ergo T 105x200 CM + Set Muebles Rachel ","1176046","sku:1176046
Marca:ROSEN
Tipo de producto:Cama Europea
Garantía del proveedor:1 año
Modelo:ERGO T
Plazaje:1,5 plazas
Accesorios:Respaldo y velador
Material de las patas:Madera de pino
Cantidad de patas:5
Tipo de base:Normal
Ancho de la base:105 CM
Alto de la base:16 CM
Largo de la base:200 CM
Ancho del colchón:105 CM
Alto del colchón:23 CM
Largo del colchón:200 CM
Material del tapiz del colchón:Cubierta Colchón: Tela Jacquard Belga con tratamientos Sanitized y Fire Retardant. Napa de fibra poliéster. Capa fibro textil termofusionada. Zona de Confort: Capa de fibro espuma termofusionada. Sistema de Soporte: Floating System. Marco de poliuretano + estructura de resortes Bonnell. Tela Fuelle Colchón: Tela Jacquard Belga
Tipo de resortes del colchón:Bonnell
Alto total:58 CM
Información adicional:"
"Cama Europea Rosen 2 Plazas Ergo T 150x200 CM + Set Muebles Rachel","1176047","sku:1176047
Marca:ROSEN
Tipo de producto:Cama Europea
Garantía del proveedor:1 año
Modelo:Ergo T
Plazaje:2 plazas
Accesorios:Respaldo y veladores
Material de las patas:Madera de pino
Cantidad de patas:5
Tipo de base:Normal
Ancho de la base:150 CM
Alto de la base:16 CM
Largo de la base:200 CM
Ancho del colchón:150 CM
Alto del colchón:23 CM
Largo del colchón:200 CM
Material del tapiz del colchón:Cubierta Colchón: Tela Jacquard Belga con tratamientos Sanitized y Fire Retardant. Napa de fibra poliéster. Capa fibro textil termofusionada. Zona de Confort: Capa de fibro espuma termofusionada. Sistema de Soporte: Floating System. Marco de poliuretano + estructura de resortes Bonnell. Tela Fuelle Colchón: Tela Jacquard Belga
Tipo de resortes del colchón:Bonnell
Alto total:58 CM
Información adicional:"
"Cama Europea Rosen 2 Plazas Ergo T Base Dividida 150x200 CM + Set Muebles Rachel","1176048","sku:1176048
Marca:ROSEN
Tipo de producto:Cama Europea
Garantía del proveedor:1 año
Modelo:Ergo T
Plazaje:2 plazas
Accesorios:Respaldo y veladores
Material de las patas:Madera de pino
Cantidad de patas:10
Tipo de base:Dividida
Ancho de la base:150 CM
Alto de la base:16 CM
Largo de la base:200 CM
Ancho del colchón:150 CM
Alto del colchón:23 CM
Largo del colchón:200 CM
Material del tapiz del colchón:Cubierta Colchón: Tela Jacquard Belga con tratamientos Sanitized y Fire Retardant. Napa de fibra poliéster. Capa fibro textil termofusionada. Zona de Confort: Capa de fibro espuma termofusionada. Sistema de Soporte: Floating System. Marco de poliuretano + estructura de resortes Bonnell. Tela Fuelle Colchón: Tela Jacquard Belga
Tipo de resortes del colchón:Bonnell
Alto total:58 CM
Información adicional:"
"Cama Europea Rosen King Ergo T Base Dividida 180x20 CM + Set Muebles Rachel ","1176049","sku:1176049
Marca:ROSEN
Tipo de producto:Cama Europea
Garantía del proveedor:1 año
Modelo:Ergo T
Plazaje:King
Accesorios:Respaldo y veladores
Material de las patas:Madera de pino
Cantidad de patas:10
Tipo de base:Dividida
Ancho de la base:180 CM
Alto de la base:16 CM
Largo de la base:200 CM
Ancho del colchón:180 CM
Alto del colchón:23 CM
Largo del colchón:200 CM
Material del tapiz del colchón:Cubierta Colchón: Tela Jacquard Belga con tratamientos Sanitized y Fire Retardant. Napa de fibra poliéster. Capa fibro textil termofusionada. Zona de Confort: Capa de fibro espuma termofusionada. Sistema de Soporte: Floating System. Marco de poliuretano + estructura de resortes Bonnell. Tela Fuelle Colchón: Tela Jacquard Belga
Tipo de resortes del colchón:Bonnell
Alto total:58 CM
Información adicional:"
"Diván Rosen 1,5 Plazas Ergo T 105x200 CM + Set Muebles Rachel ","1176050","sku:1176050
Marca:ROSEN
Tipo de producto:Camas funcionales
Garantía del proveedor:1 año
Modelo:Ergo T
Plazaje:1,5 plazas
Accesorios:Respaldo y velador
Tipo de base:Funcional
Ancho de la base:105 CM
Alto de la base:36 CM
Largo de la base:200 CM
Ancho del colchón:105 CM
Alto del colchón:23 CM
Largo del colchón:200 CM
Material del tapiz del colchón:Cubierta Colchón: Tela Jacquard Belga con tratamientos Sanitized y Fire Retardant. Napa de fibra poliéster. Capa fibro textil termofusionada. Zona de Confort: Capa de fibro espuma termofusionada. Sistema de Soporte: Floating System. Marco de poliuretano + estructura de resortes Bonnell. Tela Fuelle Colchón: Tela Jacquard Belga
Tipo de resortes del colchón:Bonnell
Alto total:64 CM
Información adicional:"
"Boxet Rosen 1 Plaza Ergo T 90x200 CM + Set Muebles Rachel ","1176051","sku:1176051
Marca:ROSEN
Tipo de producto:Camas funcionales
Garantía del proveedor:1 año
Modelo:Ergo T
Plazaje:1 plaza
Accesorios:Respaldo y velador
Tipo de base:Funcional
Ancho de la base:90 CM
Alto de la base:31 CM
Largo de la base:200 CM
Ancho del colchón:90 CM
Alto del colchón:23 CM
Largo del colchón:200 CM
Material del tapiz del colchón:Cubierta Colchón: Tela Jacquard Belga con tratamientos Sanitized y Fire Retardant. Napa de fibra poliéster. Capa fibro textil termofusionada. Zona de Confort: Capa de fibro espuma termofusionada. Sistema de Soporte: Floating System. Marco de poliuretano + estructura de resortes Bonnell. Tela Fuelle Colchón: Tela Jacquard Belga
Tipo de resortes del colchón:Bonnell
Alto total:64 CM
Información adicional:"
"Boxet Rosen 1,5 Plazas Ergo T 105x200 CM + Set Muebles Rachel ","1176052","sku:1176052
Marca:ROSEN
Tipo de producto:Camas funcionales
Garantía del proveedor:1 año
Modelo:Ergo T
Plazaje:1,5 plazas
Accesorios:Respaldo y velador
Tipo de base:Funcional
Ancho de la base:105 CM
Alto de la base:31 CM
Largo de la base:200 CM
Ancho del colchón:105 CM
Alto del colchón:23 CM
Largo del colchón:200 CM
Material del tapiz del colchón:Cubierta Colchón: Tela Jacquard Belga con tratamientos Sanitized y Fire Retardant. Napa de fibra poliéster. Capa fibro textil termofusionada. Zona de Confort: Capa de fibro espuma termofusionada. Sistema de Soporte: Floating System. Marco de poliuretano + estructura de resortes Bonnell. Tela Fuelle Colchón: Tela Jacquard Belga
Tipo de resortes del colchón:Bonnell
Alto total:64 CM
Información adicional:"
"Boxet Rosen 2 Plazas Ergo T 150x200 CM + Set Muebles Rachel","1176053","sku:1176053
Marca:ROSEN
Tipo de producto:Camas funcionales
Garantía del proveedor:1 año
Modelo:Ergo T
Plazaje:2 plazas
Accesorios:Respaldo y veladores
Tipo de base:Funcional
Ancho de la base:150 CM
Alto de la base:31 CM
Largo de la base:200 CM
Ancho del colchón:150 CM
Alto del colchón:23 CM
Largo del colchón:200 CM
Material del tapiz del colchón:Cubierta Colchón: Tela Jacquard Belga con tratamientos Sanitized y Fire Retardant. Napa de fibra poliéster. Capa fibro textil termofusionada. Zona de Confort: Capa de fibro espuma termofusionada. Sistema de Soporte: Floating System. Marco de poliuretano + estructura de resortes Bonnell. Tela Fuelle Colchón: Tela Jacquard Belga
Tipo de resortes del colchón:Bonnell
Alto total:64 CM
Información adicional:"
"Bed Boxet Rosen 1,5 Plazas Ergo T 105x200 CM + Set Muebles Rachel","1176054","sku:1176054
Marca:ROSEN
Tipo de producto:Camas funcionales
Garantía del proveedor:1 año
Modelo:Ergo T
Plazaje:1,5 plazas
Accesorios:Respaldo y velador
Tipo de base:Funcional
Ancho de la base:105 CM
Alto de la base:31 CM
Largo de la base:200 CM
Ancho del colchón:105 CM
Alto del colchón:23 CM
Largo del colchón:200 CM
Material del tapiz del colchón:Cubierta Colchón: Tela Jacquard Belga con tratamientos Sanitized y Fire Retardant. Napa de fibra poliéster. Capa fibro textil termofusionada. Zona de Confort: Capa de fibro espuma termofusionada. Sistema de Soporte: Floating System. Marco de poliuretano + estructura de resortes Bonnell. Tela Fuelle Colchón: Tela Jacquard Belga
Tipo de resortes del colchón:Bonnell
Alto total:63 CM
Información adicional:"
"Set Respaldo y Velador Rosen 1,5 Plazas Rachel Chocolate ","1176055","sku:1176055
Marca:ROSEN
Tipo de producto:Muebles dormitorio
Garantía del proveedor:6 meses
Modelo:Rachel
Plazaje:1,5 plazas
Cantidad de cajones veladores:1
Cantidad de veladores:1
Color de la estructura respaldo:Café Chocolate
Alto del respaldo:60 CM
Ancho del respaldo:112 CM
Profundidad del respaldo:4,5 CM
Alto de los veladores:61,5 CM
Ancho de los veladores:40,7 CM
Profundidad de los veladores:31,7 CM
Material de la estructura respaldo:Madera sólida pino radiata
Material del tapiz respaldo:Cuerina texturada Café Melange
Cantidad de repisas veladores:2
Material de los tiradores veladores:Madera torneada
Color de la estructura veladores:Chocolate"
"Set Respaldo y Veladores Rosen 2 Plazas Rachel Chocolate","1176056","sku:1176056
Marca:ROSEN
Tipo de producto:Muebles dormitorio
Garantía del proveedor:6 meses
Modelo:Rachel
Plazaje:2 plazas
Cantidad de cajones veladores:1
Cantidad de veladores:2
Color de la estructura respaldo:Café Chocolate
Alto del respaldo:60 CM
Ancho del respaldo:162 CM
Profundidad del respaldo:4,5 CM
Alto de los veladores:61,5 CM
Ancho de los veladores:40,7 CM
Profundidad de los veladores:31,7 CM
Material de la estructura respaldo:Madera sólida pino radiata
Material del tapiz respaldo:Cuerina texturada Café Melange
Cantidad de repisas veladores:2
Material de los tiradores veladores:Madera torneada
Color de la estructura veladores:Chocolate"
"Set Respaldo y Veladores Rosen King Rachel Chocolate","1176057","sku:1176057
Marca:ROSEN
Tipo de producto:Muebles dormitorio
Garantía del proveedor:6 meses
Modelo:Rachel
Plazaje:King
Cantidad de cajones veladores:1
Cantidad de veladores:2
Color de la estructura respaldo:Café Chocolate
Alto del respaldo:60 CM
Ancho del respaldo:192 CM
Profundidad del respaldo:4,5 CM
Alto de los veladores:61,5 CM
Ancho de los veladores:40,7 CM
Profundidad de los veladores:31,7 CM
Material de la estructura respaldo:Madera sólida pino radiata.
Material del tapiz respaldo:Cuerina texturada Café Melange
Cantidad de repisas veladores:2
Material de los tiradores veladores:Madera torneada
Color de la estructura veladores:Chocolate"
"Cama Europea Rosen 1 Plaza Pratta 90x200 CM + Respaldo Rachel","1176058","sku:1176058
Marca:ROSEN
Tipo de producto:Cama Europea
Garantía del proveedor:1 año
Modelo:Pratta
Plazaje:1 plaza
Accesorios:Respaldo
Material de las patas:Acero
Material del tapiz de la base:Tela Jacquard Belga
Cantidad de patas:5
Tipo de base:Normal
Ancho de la base:90 CM
Alto de la base:16 CM
Largo de la base:200 CM
Ancho del colchón:90 CM
Alto del colchón:21 CM
Largo del colchón:200 CM
Material del tapiz del colchón:Cubierta colchón: Funda desmontable en Tejido Punto. Zona de confort: Capa de poliuretano Memory Soft Rosen. Sistema de soporte: Floating System + Cosisoft. Marco de Poliuretano y estructura de resortes Cosisoft. Tela fuelle colchón: Tejido Punto Belga.
Tipo de resortes del colchón:Cosisoft
Alto total:57 CM
Información adicional:"
"Cama Europea Rosen 1,5 Plazas Pratta 105x200 CM + Respaldo Rachel","1176059","sku:1176059
Marca:ROSEN
Tipo de producto:Cama Europea
Garantía del proveedor:1 año
Modelo:Pratta
Plazaje:1,5 plazas
Material de las patas:Acero
Material del tapiz de la base:Tela Jacquard Belga
Cantidad de patas:5
Tipo de base:Normal
Ancho de la base:105 CM
Alto de la base:16 CM
Largo de la base:200 CM
Ancho del colchón:105 CM
Alto del colchón:21 CM
Largo del colchón:200 CM
Material del tapiz del colchón:Cubierta colchón: Funda desmontable en Tejido Punto. Zona de confort: Capa de poliuretano Memory Soft Rosen. Sistema de soporte: Floating System + Cosisoft. Marco de Poliuretano y estructura de resortes Cosisoft. Tela fuelle colchón: Tejido Punto Belga.
Tipo de resortes del colchón:Cosisoft
Alto total:57 CM
Información adicional:"
"Cama Europea Rosen 2 Plazas Pratta 150x200 CM + Respaldo Rachel","1176060","sku:1176060
Marca:ROSEN
Tipo de producto:Cama Europea
Garantía del proveedor:1 año
Modelo:Pratta
Plazaje:2 plazas
Accesorios:Respaldo
Material de las patas:Acero
Material del tapiz de la base:Tela Jacquard Belga
Cantidad de patas:5
Tipo de base:Normal
Ancho de la base:150 CM
Alto de la base:16 CM
Largo de la base:200 CM
Ancho del colchón:150 CM
Alto del colchón:21 CM
Largo del colchón:200 CM
Material del tapiz del colchón:Cubierta colchón: Funda desmontable en Tejido Punto. Zona de confort: Capa de poliuretano Memory Soft Rosen. Sistema de soporte: Floating System + Cosisoft. Marco de Poliuretano y estructura de resortes Cosisoft. Tela fuelle colchón: Tejido Punto Belga.
Tipo de resortes del colchón:Cosisoft
Alto total:57 CM
Información adicional:"
"Cama Europea Rosen 2 Plazas Pratta Base Dividida 150x200 CM + Respaldo Rachel ","1176061","sku:1176061
Marca:ROSEN
Tipo de producto:Cama Europea
Garantía del proveedor:1 año
Modelo:Pratta
Plazaje:2 plazas
Accesorios:Respaldo
Material de las patas:Acero
Material del tapiz de la base:Tela Jacquard Belga
Cantidad de patas:10
Tipo de base:Dividida
Ancho de la base:150 CM
Alto de la base:16 CM
Largo de la base:200 CM
Ancho del colchón:150 CM
Alto del colchón:21 CM
Largo del colchón:200 CM
Material del tapiz del colchón:Cubierta colchón: Funda desmontable en Tejido Punto. Zona de confort: Capa de poliuretano Memory Soft Rosen. Sistema de soporte: Floating System + Cosisoft. Marco de Poliuretano y estructura de resortes Cosisoft. Tela fuelle colchón: Tejido Punto Belga.
Tipo de resortes del colchón:Cosisoft
Alto total:57 CM
Información adicional:"
"Cama Europea Rosen King Pratta Base Dividida 180x200 CM + Respaldo Rachel","1176062","sku:1176062
Marca:ROSEN
Tipo de producto:Cama Europea
Garantía del proveedor:1 año
Modelo:Pratta
Plazaje:King
Accesorios:Respaldo
Material de las patas:Acero
Material del tapiz de la base:Tela Jacquard Belga
Cantidad de patas:10
Tipo de base:Dividida
Ancho de la base:180 CM
Alto de la base:16 CM
Largo de la base:200 CM
Ancho del colchón:180 CM
Alto del colchón:21 CM
Largo del colchón:200 CM
Material del tapiz del colchón:Cubierta colchón: Funda desmontable en Tejido Punto. Zona de confort: Capa de poliuretano Memory Soft Rosen. Sistema de soporte: Floating System + Cosisoft. Marco de Poliuretano y estructura de resortes Cosisoft. Tela fuelle colchón: Tejido Punto Belga.
Tipo de resortes del colchón:Cosisoft
Alto total:57 CM
Información adicional:"
"Cama Europea Rosen 1 Plaza Ergo T 90x200 CM + Respaldo Rachel","1176063","sku:1176063
Marca:Rosen
Tipo de producto:Cama Europea
Garantía del proveedor:1 año
Modelo:Ergo T
Plazaje:1 plaza
Accesorios:Respaldo
Material de las patas:Madera de pino
Cantidad de patas:5
Tipo de base:Normal
Ancho de la base:90 CM
Alto de la base:16 CM
Largo de la base:200 CM
Ancho del colchón:90 CM
Alto del colchón:23 CM
Largo del colchón:200 CM
Material del tapiz del colchón:Cubierta Colchón: Tela Jacquard Belga con tratamientos Sanitized y Fire Retardant. Napa de fibra poliéster. Capa fibro textil termofusionada. Zona de Confort: Capa de fibro espuma termofusionada. Sistema de Soporte: Floating System. Marco de poliuretano + estructura de resortes Bonnell. Tela Fuelle Colchón: Tela Jacard Belga
Tipo de resortes del colchón:Bonnell
Alto total:58 CM
Información adicional:"
"Cama Europea Rosen 1,5 Plazas Ergo T 105x200 CM + Respaldo Rachel","1176064","sku:1176064
Marca:ROSEN
Tipo de producto:Cama Europea
Garantía del proveedor:1 año
Modelo:Ergo T
Plazaje:1,5 plazas
Material de las patas:Madera de pino
Cantidad de patas:5
Tipo de base:Normal
Ancho de la base:105 CM
Alto de la base:16 CM
Largo de la base:200 CM
Ancho del colchón:105 CM
Alto del colchón:23 CM
Largo del colchón:200 CM
Material del tapiz del colchón:Cubierta Colchón: Tela Jacquard Belga con tratamientos Sanitized y Fire Retardant. Napa de fibra poliéster. Capa fibro textil termofusionada. Zona de Confort: Capa de fibro espuma termofusionada. Sistema de Soporte: Floating System. Marco de poliuretano + estructura de resortes Bonnell. Tela Fuelle Colchón: Tela Jacquard Belga
Tipo de resortes del colchón:Bonnell
Alto total:58 CM
Información adicional:"
"Cama Europea Rosen 2 Plazas Ergo T 150x200 CM + Respaldo Rachel","1176065","sku:1176065
Marca:ROSEN
Tipo de producto:Cama Europea
Garantía del proveedor:1 año
Modelo:Ergo T
Plazaje:2 plazas
Accesorios:Respaldo
Material de las patas:Madera de pino
Cantidad de patas:5
Tipo de base:Normal
Ancho de la base:150 CM
Alto de la base:16 CM
Largo de la base:200 CM
Ancho del colchón:150 CM
Alto del colchón:23 CM
Largo del colchón:200 CM
Material del tapiz del colchón:Cubierta Colchón: Tela Jacquard Belga con tratamientos Sanitized y Fire Retardant. Napa de fibra poliéster. Capa fibro textil termofusionada. Zona de Confort: Capa de fibro espuma termofusionada. Sistema de Soporte: Floating System. Marco de poliuretano + estructura de resortes Bonnell. Tela Fuelle Colchón: Tela Jacard Belga
Tipo de resortes del colchón:Bonnell
Alto total:58 CM
Información adicional:"
"Cama Europea Rosen 2 Plazas Ergo T Base Dividida 150x200 CM + Respaldo Rachel ","1176066","sku:1176066
Marca:ROSEN
Tipo de producto:Cama Europea
Garantía del proveedor:1 año
Modelo:Ergo T
Plazaje:2 plazas
Accesorios:Respaldo
Material de las patas:Madera de pino
Cantidad de patas:10
Tipo de base:Normal
Ancho de la base:150 CM
Alto de la base:16 CM
Largo de la base:200 CM
Ancho del colchón:150 CM
Alto del colchón:23 CM
Largo del colchón:200 CM
Material del tapiz del colchón:Cubierta Colchón: Tela Jacquard Belga con tratamientos Sanitized y Fire Retardant. Napa de fibra poliéster. Capa fibro textil termofusionada. Zona de Confort: Capa de fibro espuma termofusionada. Sistema de Soporte: Floating System. Marco de poliuretano + estructura de resortes Bonnell. Tela Fuelle Colchón: Tela Jacard Belga
Tipo de resortes del colchón:Bonnell
Información adicional:"
"Cama Europea Rosen King Ergo T Base Dividida 180x200 CM + Respaldo Rachel ","1176067","sku:1176067
Marca:ROSEN
Tipo de producto:Cama Europea
Garantía del proveedor:1 año
Modelo:Ergo T
Plazaje:King
Accesorios:Respaldo
Material de las patas:Madera de pino
Cantidad de patas:10
Tipo de base:Dividida
Ancho de la base:180 CM
Alto de la base:16 CM
Largo de la base:200 CM
Ancho del colchón:180 CM
Alto del colchón:23 CM
Largo del colchón:200 CM
Material del tapiz del colchón:Cubierta Colchón: Tela Jacquard Belga con tratamientos Sanitized y Fire Retardant. Napa de fibra poliéster. Capa fibro textil termofusionada. Zona de Confort: Capa de fibro espuma termofusionada. Sistema de Soporte: Floating System. Marco de poliuretano + estructura de resortes Bonnell. Tela Fuelle: Tela Jacquard Belga
Tipo de resortes del colchón:Bonnell
Información adicional:"
"Diván Rosen 1,5 Plazas Ergo T 105x200 CM + Respaldo Rachel","1176068","sku:1176068
Marca:ROSEN
Tipo de producto:Camas funcionales
Garantía del proveedor:1 año
Modelo:Ergo T
Plazaje:1,5 plazas
Tipo de base:Funcional
Ancho de la base:105 CM
Alto de la base:36 CM
Largo de la base:200 CM
Ancho del colchón:105 CM
Alto del colchón:23 CM
Largo del colchón:200 CM
Material del tapiz del colchón:Cubierta Colchón: Tela Jacquard Belga con tratamientos Sanitized y Fire Retardant. Napa de fibra poliéster. Capa fibro textil termofusionada. Zona de Confort: Capa de fibro espuma termofusionada. Sistema de Soporte: Floating System. Marco de poliuretano + estructura de resortes Bonnell. Tela Fuelle: Tela Jacquard Belga
Tipo de resortes del colchón:Bonnell
Alto total:64 CM
Información adicional:"
"Boxet Rosen 1 Plaza Ergo T 90x200 CM + Respaldo Rachel","1176069","sku:1176069
Marca:ROSEN
Tipo de producto:Camas funcionales
Garantía del proveedor:1 año
Modelo:Ergo T
Plazaje:1 plaza
Accesorios:Respaldo
Tipo de base:Funcional
Ancho de la base:90 CM
Alto de la base:31 CM
Largo de la base:200 CM
Ancho del colchón:90 CM
Alto del colchón:23 CM
Largo del colchón:200 CM
Material del tapiz del colchón:Cubierta Colchón: Tela Jacquard Belga con tratamientos Sanitized y Fire Retardant. Napa de fibra poliéster. Capa fibro textil termofusionada. Zona de Confort: Capa de fibro espuma termofusionada. Sistema de Soporte: Floating System. Marco de poliuretano + estructura de resortes Bonnell. Tela Fuelle Colchón: Tela Jacard Belga
Tipo de resortes del colchón:Bonnell
Alto total:64 CM
Información adicional:"
"Boxet Rosen 1,5 Plazas Ergo T 105x200 CM + Respaldo Rachel","1176070","sku:1176070
Marca:ROSEN
Tipo de producto:Camas funcionales
Garantía del proveedor:1 año
Modelo:Ergo T
Plazaje:1,5 plazas
Accesorios:Respaldo
Tipo de base:Funcional
Ancho de la base:105 CM
Alto de la base:31 CM
Largo de la base:200 CM
Ancho del colchón:105 CM
Alto del colchón:23 CM
Largo del colchón:200 CM
Material del tapiz del colchón:Cubierta Colchón: Tela Jacquard Belga con tratamientos Sanitized y Fire Retardant. Napa de fibra poliéster. Capa fibro textil termofusionada. Zona de Confort: Capa de fibro espuma termofusionada. Sistema de Soporte: Floating System. Marco de poliuretano + estructura de resortes Bonnell. Tela Fuelle Colchón: Tela Jacquard Belga
Tipo de resortes del colchón:Bonnell
Alto total:64 CM
Información adicional:"
"Boxet Rosen 2 Plazas Ergo T 150x200 CM + Respaldo Rachel","1176071","sku:1176071
Marca:Rosen
Tipo de producto:Camas funcionales
Garantía del proveedor:1 año
Modelo:Ergo T
Plazaje:2 Plazas
Accesorios:Respaldo
Tipo de base:Funcional
Ancho de la base:150 CM
Alto de la base:31 CM
Largo de la base:200 CM
Ancho del colchón:150 CM
Alto del colchón:23 CM
Largo del colchón:200 CM
Material del tapiz del colchón:Cubierta Colchón: Tela Jacquard Belga con tratamientos Sanitized y Fire Retardant. Napa de fibra poliéster. Capa fibro textil termofusionada. Zona de Confort: Capa de fibro espuma termofusionada. Sistema de Soporte: Floating System. Marco de poliuretano + estructura de resortes Bonnell. Tela Fuelle Colchón: Tela Jacquard Belga
Tipo de resortes del colchón:Bonnell
Alto total:64 CM
Información adicional:"
"Bed Boxet Rosen 1,5 Plazas Ergo T 105x200 CM + Respaldo Rachel","1176072","sku:1176072
Marca:ROSEN
Tipo de producto:Camas funcionales
Garantía del proveedor:1 año
Modelo:Ergo T
Plazaje:1,5 plazas
Accesorios:Respaldo
Tipo de base:Funcional
Ancho de la base:105 CM
Alto de la base:31 CM
Largo de la base:200 CM
Ancho del colchón:105 CM
Alto del colchón:23 CM
Largo del colchón:200 CM
Material del tapiz del colchón:Cubierta Colchón: Tela Jacquard Belga con tratamientos Sanitized y Fire Retardant. Napa de fibra poliéster. Capa fibro textil termofusionada. Zona de Confort: Capa de fibro espuma termofusionada. Sistema de Soporte: Floating System. Marco de poliuretano + estructura de resortes Bonnell. Tela Fuelle Colchón: Tela Jacquard Belga
Tipo de resortes del colchón:Bonnell
Alto total:63 CM
Información adicional:"
"QLED Samsung Smart TV 32 Pulgadas QN32LS03BBGXZS","1176074","sku:1176074
Color:Negro
Marca:SAMSUNG
Tipo de producto:Televisores
GTIN:8806094318548
Eficiencia enérgetica:A
Modelo:QN32LS03BBGXZS
Alto del empaque:51,3 CM
Ancho del empaque:81, 5 CM
Peso con empaque:7,9 KG
Garantía del proveedor:1 año
Alto del producto:41,94 CM
Ancho del producto:72,89 CM
Accesorios:Control remoto, manual de usuario, cable de alimentación
Entradas HDMI:2
Sistema operativo:Tizen
Wi-Fi integrado:Si
Bluetooth integrado:Si
Profundidad del producto:2,47 CM
Peso del producto:5,3 KG
Entradas USB:2
Tipo de pantalla:QLED
Sistema de sonido:Dolby Digital Plus
Cámara integrada:No
Alto con base:45,2 CM
Diseño de la pantalla:Plana
Smart TV:Si
Tamaño de la pantalla:32 Pulgadas
Tecnología 3D:No
Definición de la pantalla:FHD
Consumo:55 W
Profundidad con base:14,3 CM
Peso con base:5,4 KG
Formatos de audio compatibles:MP3, M4A, MPA, AAC, FLAC, OGG, WMA, WAY, MID, MIDI, APE, AIF, AIFF.
Formatos de video compatibles:AVI, MKV, ASF, WMV, MP4, MOV, 3GP, VRO, MPG, MPEG, TS, TP, TRP, FLV, VOB, SVI, M2TS, MTS, WEBM, RMVB.
Modo de audio:Object Tracking Sound (OTS Lite), Q-Symphony
Modos de imagen:Modo arte, modo film, modo décor
Relación de aspecto:9:16
Resolución de la pantalla:1920 x 1080 PX
Sintonizador de TV:Si
Sistema de video:Motor de imágenes Hiperreal
Tasa de refresco:50 Hz
Potencia de los parlantes:20 W
Compatibilidad HDR:Si"
"QLED Samsung Smart TV 43 Pulgadas QN43Q65BAGXZS","1176075","sku:1176075
Color:Negro
Marca:SAMSUNG
Tipo de producto:Televisores
GTIN:8806094191097
Eficiencia enérgetica:B
Modelo:QN43Q65BAGXZS
Alto del empaque:67,7 CM
Ancho del empaque:109,3 CM
Peso con empaque:11,9 KG
Garantía del proveedor:1 año
Alto del producto:55,94 CM
Ancho del producto:96,55 CM
Accesorios:Control remoto, manual del usuario, cable de alimentación
Entradas HDMI:3
Sistema operativo:Tizen
Wi-Fi integrado:Si
Bluetooth integrado:Si
Profundidad del producto:2,57 CM
Peso del producto:8,1 KG
Entradas ethernet:1
Entradas USB:2
Tipo de pantalla:QLED
Sistema de sonido:Dolby Digital Plus
Cámara integrada:No
Alto con base:62,37 CM
Diseño de la pantalla:Plana
Núcleos del procesador:Quad Core
Smart TV:Si
Tamaño de la pantalla:43 Pulgadas
Tecnología 3D:No
Definición de la pantalla:4K UHD
Consumo:125 W
Profundidad con base:18,76 CM
Peso con base:8,7 KG
Formatos de audio compatibles:MP3, M4A, MPA, AAC, FLAC, OGG, WMA, WAV, MID, MIDI, APE, AIF, AIFF.
Formatos de video compatibles:AVI, MKV, ASF, WMV, MP4, MOV, 3GP, VRO, MPG, MPEG, TS, TP, TRP, FLV, VOB, SVI, M2TS, MTS, WEBM, RMVB.
Modo de audio:Object Tracking Sound, Q-Symphony
Modos de imagen:Film, Cineasta (FMM)
Relación de aspecto:16:9
Resolución de la pantalla:3840 x 2160 PX
Sintonizador de TV:Si
Sistema de video:Procesador Quantum Lite 4K
Tasa de refresco:60 Hz
Potencia de los parlantes:20 W
Información adicional:HDR: Quantum HDR"
"QLED Samsung Smart TV 50 Pulgadas The Frame QN50LS03BAGXZS","1176076","sku:1176076
Color:Negro
Marca:SAMSUNG
Tipo de producto:Televisores
GTIN:8806094140248
Modelo:QN50LS03BAGXZS
Alto del empaque:77,5 CM
Ancho del empaque:125,1 CM
Peso con empaque:20,9 KG
Garantía del proveedor:1 año
Alto del producto:64,49 CM
Ancho del producto:112,41 CM
Accesorios:Control remoto, manual de usuario, cable de energía
Entradas HDMI:4
Sistema operativo:Tizen
Wi-Fi integrado:Si
Bluetooth integrado:Si
Profundidad del producto:2,49 CM
Peso del producto:11,8 KG
Entradas USB:2
Tipo de pantalla:QLED
Sistema de sonido:Dolby Digital Plus, Dolby Atmos
Cámara integrada:No
Alto con base:67,92 CM
Diseño de la pantalla:Plana
Smart TV:Si
Tamaño de la pantalla:50 Pulgadas
Tecnología 3D:No
Definición de la pantalla:4K UHD
Consumo:120 W
Profundidad con base:22,78 CM
Peso con base:12,2 KG
Formatos de audio compatibles:MP3, M4A, MPA, AAC, FLAC, OGG, WMA, WAV, MID, MIDI, APE, AIF, AIFF.
Formatos de video compatibles:AVI, MKV, ASF, WMV, MP4, MOV, 3GP, VRO, MPG, MPEG, TS, TP, TRP, FLV, VOB, SVI,M2TS MTS, WEBM, RMVB.
Modo de audio:Q-Symphony, Active Voice Amplifier, Adaptive Sound+
Modos de imagen:Arte, Film, Cineasta (FMM), Décor
Relación de aspecto:16:9
Resolución de la pantalla:3840 x 2160 PX
Sintonizador de TV:Si
Sistema de video:Quantum Processor 4K
Tasa de refresco:60 Hz
Potencia de los parlantes:20 W
Compatibilidad HDR:Si
Información adicional:Cuenta con entrada Ethernet."
"Impresora Multifuncional Tinta Continua HP Smart Tank 500 USB","1176078","sku:1176078
Color:Negro
Marca:HP
Tipo de producto:Impresora
Alto del empaque:48 CM
Alto del producto:15,8 CM
Ancho del empaque:49,5 CM
Ancho del producto:44,7 CM
Garantía del proveedor:1 año
Memoria RAM:256 MB
Peso con empaque:7,25 KG
Peso del producto:5,14 KG
Profundidad del empaque:19,8 CM
Profundidad del producto:37,3 CM
Wi-Fi integrado:No
Bluetooth integrado:No
Capacidad en bandeja de salida:Hasta 30 hojas Estándar; Hasta 10 sobres Transparencias; Hasta 30 tarjetas etiquetas; Hasta 30 hojas oficio
Ciclo de trabajo:Hasta 1000 páginas
Copia:Si
Eficiencia energética:A
Escaner:Si
Fax:No
Funciones:Impresión, copia , escaneado
Gramaje de papel:Papel normal: 60 a 90 GR/m²; Sobres: 75 a 90 GR/m²; Tarjetas: hasta 200 GR/m²; Papel fotográfico: hasta 300 GR/m²
Impresión desde dispositivo móvil:No
Impresión doble cara:No
Impresión sin bordes:Si
Pantalla incorporada:No
Portátil:Si
Requisitos del sistema:PC: Windows 10, 7: Procesador de 1 GHz de 32 bits (x86) o 64 bits (x64), 2 GB libres en el disco duro, conexión a Internet, puerto USB, Internet Explorer 8.; Mac: macOS Sierra v10.12 (anteriormente OS X), macOS High Sierra v10.13, macOS Mojave v10.14, disco duro de 1 GB; Internet; USB
Resolución de impresión a color:Color (óptima): Impresión en color de hasta 4800 x 1200 DPI optimizados para impresión desde una computadora y 1200 DPI de entrada
Resolución de impresión en b/n:Negro (óptima): Hasta 1200 x 1200 PPP de reproducción
Resolución del escaner:Hardware: Hasta 1200 x 1200 PPI; Óptica: Hasta 1200 PPI
Sistemas operativos compatibles:Windows 10, 7; macOS Sierra v10.12 (anteriormente OS X), macOS Alta Sierra v10.13, macOS Mojave v10.14
Suministros compatibles:GT53 Negro 1VV22AL, GT52 Cian M0H54AL, GT52 Magenta M0H55AL, GT52 Amarillo M0H56AL
Tecnología de impresión:Inyección de tinta
Tecnología de suministro:Carga de tinta contínua
Tipo de impresora:Multifuncional
Tipo de papel:Papel común, papeles fotográficos HP, papel profesional o para folleto mate HP, papel mate presentación HP, papel profesional o para folletos brillante HP, otros papeles para inyección de tinta fotográficos, otros papeles mate para inyección de tinta, otros papeles para inyección de tinta brillante, Hagaki para inyección de tinta, papel común, grueso, papel para folleto en tríptico HP, papel común, ligero/reciclado
Velocidad de impresión a color:Color (ISO): Hasta 5 PPM ; Color (borrador): Hasta 16 PPM
Velocidad de impresión en b/n:Negro (ISO): Hasta 11 PPM ; Negro (borrador): Hasta 22 PPM
Volumen de impresión mensual:400 - 800 páginas
Entradas USB:USB 2.0
Procesador:1,2 GHz
Capacidad en bandeja de entrada:Hasta 100 hojas Estándar; Hasta 10 sobres Transparencias; Hasta 30 tarjetas etiquetas; Hasta 100 hojas oficio
Formato de archivos digitalizados:JPG, BMP, TIFF, PDF, RTF, TXT, PNG
Tamaño de cama plana:216 x 297 MM
Tipo de escaner:Cama plana / (CIS) Sensor de imagen de contacto
Velocidad de copia a color:Hasta 2 CPM
Velocidad de copia en b/n:Hasta 10 CPM
Resolución de copia a color:Hasta 300 DPI
Resolución de copia en b/n:Hasta 600 x 300 PPP
Modelo:Smart Tank 500
Información adicional:"
"LED AOC Smart TV 55 Pulgadas 55U6125 Roku TV","1176079","sku:1176079
Color:Negro
Marca:AOC
Tipo de producto:Televisores
Eficiencia enérgetica:A
Modelo:55U6125
Alto del empaque:84 CM
Ancho del empaque:136 CM
Peso con empaque:16,9 KG
Garantía del proveedor:1 año
Alto del producto:71,17 CM
Ancho del producto:122,68 CM
Accesorios:Control remoto
Entradas HDMI:3
Sistema operativo:Roku TV
Wi-Fi integrado:Si
Bluetooth integrado:No
Profundidad del producto:8,44 CM
Peso del producto:11,31 KG
Entradas USB:2
Tipo de pantalla:LED
Cámara integrada:No
Alto con base:77,27 CM
Diseño de la pantalla:Plana
Smart TV:Si
Tamaño de la pantalla:55 Pulgadas
Tecnología 3D:No
Definición de la pantalla:UHD
Peso con base:11,6 KG
Formatos de audio compatibles:MP3, WAV, AAC
Formatos de video compatibles:AVI, MKV, HEVC, H.264/MPEG-4 AVC, MPEG1, MPEG2, MPEG4, VC1, VP9
Resolución de la pantalla:1920 x 1080 PX
Sintonizador de TV:Si
Tasa de refresco:60 Hz
Potencia de los parlantes:10 W x 2
Compatibilidad HDR:No
Información adicional:Cuenta con entrada Ethernet"
"Juego de Comedor Innovamuebles Catalina Rectangular 6 Sillas Blanco Roto","1176082","sku:1176082
Marca:INNOVAMUEBLES
Tipo de producto:Muebles comedor
Modelo:Catalina
Alto del empaque:96 CM
Ancho del empaque:6,5 CM
Profundidad del empaque:166 CM
Peso con empaque:7,1 KG
Material de la estructura:Madera de Eucalipto
Material de las patas:Madera de Eucalipto
Color de la estructura:Café
Acabado:Pintura UV
País de origen:Brasil
Requiere armado:Si
Manual de armado incluido:Si
Servicio de armado incluido:No
Garantía del proveedor:6 meses
Cantidad de bultos:5
Color del tapiz:Blanco
Material del tapiz:Poliéster
Alto de la mesa:80 CM
Material de la cubierta:MDF
Plegable:No
Forma:Rectangular
Mesa extensible:No
Color de la cubierta:Blanco Roto
Cantidad de sillas:6
Material de la base:Madera Eucalipto
Color de la base:Café
Ancho de la mesa:90 CM
Largo de la mesa:160 CM
Peso de la mesa:92 KG
Alto de la silla:92 CM
Ancho de la silla:42 CM
Profundidad de la silla:42 CM"
"Juego de Comedor Innovamuebles Rubi Rectangular 8 Sillas Gris Claro","1176084","sku:1176084
Marca:INNOVAMUEBLES
Tipo de producto:Muebles comedor
Modelo:Rubí
Alto del empaque:45 CM
Ancho del empaque:95 CM
Profundidad del empaque:184 CM
Peso con empaque:50 KG
Material de la estructura:MDF
Material de las patas:MDF
Color de la estructura:Café
País de origen:Brasil
Requiere armado:Si
Manual de armado incluido:Si
Servicio de armado incluido:No
Garantía del proveedor:6 meses
Cantidad de bultos:6
Color del tapiz:Gris claro
Material del tapiz:Poliéster
Alto de la mesa:80 CM
Material de la cubierta:Vidrio
Plegable:No
Forma:Rectangular
Mesa extensible:No
Color de la cubierta:Gris claro
Cantidad de sillas:8
Material de la base:MDF
Color de la base:Café
Ancho de la mesa:90 CM
Largo de la mesa:183 CM
Alto de la silla:102 CM
Ancho de la silla:49 CM
Profundidad de la silla:44 CM"
"Cámara de Seguridad Vipa SPA Wi-Fi Solar Exterior IPSWF1000","1176091","sku:1176091
Color:Blanco
Marca:VIPA SPA
Tipo de producto:Seguridad
Modelo:IPSWF1000
Material:Plástico
Alto del producto:20 CM
Ancho del producto:20 CM
Profundidad del producto:20 CM
Información adicional:
Garantía del proveedor:6 meses"
"Cámara de Seguridad IP 4G Vipa SPA Solar Exterior IPS4G1000","1176092","sku:1176092
Color:Blanco
Marca:VIPA SPA
Tipo de producto:Seguridad
Modelo:IPS4G1000
Material:Plástico
Alto del producto:20 CM
Ancho del producto:20 CM
Profundidad del producto:20 CM
Información adicional:
Garantía del proveedor:6 meses"
"Kit Alarma Vipa SPA Wi-Fi/GSM Inalámbrica A2WF","1176093","sku:1176093
Color:Blanco
Marca:VIPA SPA
Tipo de producto:Seguridad
Modelo:A2WF
Material:Plástico
Alto del producto:20 CM
Ancho del producto:10 CM
Profundidad del producto:10 CM
Información adicional:
Garantía del proveedor:6 meses"
"Sensor de Movimiento Vipa SPA PIR Detección Humana SMPIN650","1176094","sku:1176094
Color:Blanco
Marca:VIPA SPA
Tipo de producto:Seguridad
Modelo:SMPIN650
Material:Plástico
Alto del producto:15 CM
Ancho del producto:6 CM
Profundidad del producto:8 CM
Información adicional:
Garantía del proveedor:6 meses"
"Termoventilador Norwood TPT-179 2000 W ","1176148","sku:1176148
Color:Blanco
Marca:NORWOOD
Tipo de producto:Estufas y Calefactores
Alto del producto:24 CM
Ancho del producto:13 CM
Profundidad del producto:23 CM
Peso del producto:1 KG
Luz de encendido:Si
Niveles de potencia:2
Potencia:2000 W
Tipo de panel:Análogo
GTIN:8010690103518
Longitud del cable:1,5 MT
Peso con empaque:1,3 KG
Garantía del proveedor:1 año
Modelo:TPT-179
País de origen:China
Control de temperatura:Si
Filtro integrado:No
Indicador de temperatura ambiente:No
Oscilación:No
Ruedas:No
Temporizador:No
Funciones destacadas:Dos niveles de potencia y fusibles de seguridad
Material:Plástico
Protección de sobrecalentamiento:Si
Asa para transporte:Si
Ventilador:No
Información adicional:"
"Estufa Cuarzo Norwod NEC-15274 800 W","1176149","sku:1176149
Color:Blanco
Marca:NORWOOD
Tipo de producto:Estufas y Calefactores
Alto del producto:35 CM
Ancho del producto:10 CM
Profundidad del producto:29,5 CM
Peso del producto:1,1 KG
Luz de encendido:Si
Niveles de potencia:2
Potencia:800 W
Tipo de panel:Análogo
GTIN:8010690081496
Longitud del cable:1,5 MT
Peso con empaque:1,5 KG
Garantía del proveedor:1 año
Modelo:NEC-15274
País de origen:China
Control de temperatura:Si
Filtro integrado:No
Indicador de temperatura ambiente:No
Oscilación:No
Ruedas:No
Temporizador:No
Funciones destacadas:Dos niveles de potencia y cortacorriente antivuelco
Material:Plástico
Protección de sobrecalentamiento:Si
Asa para transporte:Si
Sistema antivuelco:Si
Ventilador:No
Información adicional:"
"Plancha a Vapor Telefunken Steampro-2200 Celeste","1176162","sku:1176162
Color:Celeste
Marca:TELEFUNKEN
Tipo de producto:Plancha
Alto del producto:35 CM
Ancho del producto:42 CM
Profundidad del producto:35 CM
Luz de encendido:Si
GTIN:7798357871871
Accesorios:Vaso para agua
Longitud del cable:150 CM
Garantía del proveedor:6 meses
Modelo:STEAMPRO-2000
País de origen:China
Apagado automático:Si
Capacidad del estanque:400 ML
Control de temperatura:Si
Cable giratorio:Si
Niveles de temperatura:5
Regulador de vapor:Si
Rociador:Si
Sistema antigoteo:Si
Sistema autolimpieza:Si
Material de la base:Cerámica
Información adicional:"
"Plancha a Vapor Telefunken Steampro-2200 Rojo","1176164","sku:1176164
Color:Rojo
Marca:TELEFUNKEN
Tipo de producto:Plancha
Alto del producto:35 CM
Ancho del producto:42 CM
Profundidad del producto:35 CM
Luz de encendido:Si
GTIN:7798357871857
Accesorios:Vaso para agua
Longitud del cable:150 CM
Garantía del proveedor:6 meses
Modelo:STEAMPRO-2000
País de origen:China
Apagado automático:Si
Capacidad del estanque:400 ML
Control de temperatura:Si
Cable giratorio:Si
Niveles de temperatura:5
Antiadherente:Si
Regulador de vapor:Si
Rociador:Si
Sistema antigoteo:Si
Sistema autolimpieza:Si
Material de la base:Cerámica
Información adicional:"
"Balanza de Baño Blaupunkt Fit Scale","1176165","sku:1176165
Marca:BLAUPUNKT
Tipo de producto:Salud
Alto del producto:31 CM
Ancho del producto:31 CM
Profundidad del producto:3 CM
Peso del producto:1,6 KG
Batería recargable:No
Tipo de panel:Digital
GTIN:7798357872311
Garantía del proveedor:6 meses
Modelo:Fit Scale
País de origen:China
Tipo de balanza:Medición
Conectividad:Inalámbrica
Resistencia:180 KG"
"Balanza de Baño Blaupunkt Smart Scale","1176166","sku:1176166
Marca:BLAUPUNKT
Tipo de producto:Salud
Alto del producto:31 CM
Ancho del producto:31 CM
Profundidad del producto:3 CM
Peso del producto:1,6 KG
Batería recargable:No
Tipo de panel:Digital
GTIN:7798357872366
Garantía del proveedor:6 meses
Modelo:Smart Scale
País de origen:China
Tipo de balanza:Medición
Conectividad:Inalámbrica
Resistencia:180 KG"
"Refrigerador Side by Side LG No Frost 509 Litros GS51MPP","1176167","sku:1176167
Color:Platinium Silver
Marca:LG
Tipo de producto:Refrigerador
Alto del producto:178,6 CM
Ancho del producto:91 CM
Profundidad del producto:64,3 CM
Peso del producto:83 KG
Tipo de panel:Digital
GTIN:8806091917027
Accesorios:Cable de corriente, manual
Garantía del proveedor:1 año
Modelo:GS51MPP
País de origen:China
Consumo:35,58 KWH/Mes
Control de temperatura:Si
Eficiencia energética:A+
Ruedas:No
Funciones destacadas:Smart Inverter Compressor
Refrigerante:R600a
Wi-Fi integrado:No
Iluminación interior:Si
Alarma de puerta abierta:No
Bluetooth integrado:No
Cantidad de puertas:2
Capacidad total:509 L
Dispensador de hielo:No
Llave de seguridad:No
Luz led:Si
Máquina de hielo:No
Patas ajustables:No
Puertas reversibles:No
Sistema de descongelamiento:Manual
Sistema de enfriamiento:No frost
Temperatura máxima de congelamiento:-18°C
Bandejas ajustables:No
Capacidad del freezer:174 L
Capacidad del refrigerador:335 L
Material de las bandejas del freezer:Vidrio templado
Material de las bandejas del refrigerador:Vidrio templado
Cantidad de bandejas del refrigerador:5
Compartimentos en puerta del refrigerador:3
Compartimento para vegetales:Si
Cantidad de bandejas del freezer:5
Dispensador de agua:No
Filtro de agua:No
Posición del freezer:Lateral
Manual incluido:Si
Incluye cubeteras:No
Requiere instalación:Si
Manual de instalación incluido:Si
Servicio de instalación incluido:No
Resistencia de las bandejas del refrigerador:150 KG
Cantidad de cajones de refrigerador:2
Compartimento para botellas jumbo:No
Resistencia de las bandejas del freezer:150 KG
Cantidad de cajones del freezer:2
Compartimentos en puerta del freezer:4
Información adicional:Alimentación: 220 V~ - 50 Hz"
"Lavadora LG 19 KG Carga Superior WT19MPB Negra","1176168","sku:1176168
Color:Middle Black
Marca:LG
Tipo de producto:Lavadora
Alto del producto:102 CM
Ancho del producto:63,2 CM
Profundidad del producto:67,1 CM
Peso del producto:42,5 KG
Bloqueo de seguridad:Si
Potencia:150 W
Tipo de panel:Digital
GTIN:8806091925077
Accesorios:Guía de usuario, manual de usuario, manguera de entrada (caliente y fría), manguera de drenaje
Garantía del proveedor:1 año
Modelo:WT19MPB
País de origen:Tailandia
Cantidad de programas:8
Consumo:0,11 KWH/Ciclo
Eficiencia energética:D
Funciones destacadas:Motor Smart Inverter y Tecnología Turbo Drum con Smart Motion. Función Smartdiagnosis.
Wi-Fi integrado:No
Tipo de carga:Superior
Calentador de agua integrado:Si
Capacidad de lavado:19 KG
Filtro para pelusas:Si
Nivel de agua ajustable:No
Consumo de agua:284 L/Ciclo
Material del tambor:Acero inoxidable
Programas de lavado:8
Sistema de lavado:Automático
Velocidad de centrifugado:750 RPM
Material de la tapa:Vidrio templado
Bluetooth integrado:No
Doble carga:No
Inicio diferido:No
Limpieza de tambor:No
Panel touch:No
Información adicional:Niveles de temperatura: Normal-Warm-Hot. Alimentación: 220V ~ 50Hz"
"Lavadora LG 13 KG Carga Superior WT13WPBM Blanca","1176169","sku:1176169
Color:Blanco
Marca:LG
Tipo de producto:Lavadora
Alto del producto:96 CM
Ancho del producto:59 CM
Profundidad del producto:60,1 CM
Peso del producto:39 KG
Bloqueo de seguridad:No
Potencia:150 W
Tipo de panel:Digital
GTIN:8935244501834
Accesorios:Guía de usuario, manual de usuario, manguera de entrada (caliente y fría), manguera de drenaje
Garantía del proveedor:1 año
Modelo:WT13WPBM
País de origen:Tailandia
Cantidad de programas:8
Consumo:0,1 KWH/Ciclo
Eficiencia energética:D
Funciones destacadas:Motor Smart Inverter y Tecnología Turbo Drum con Smart Motion. Función Smartdiagnosis
Wi-Fi integrado:No
Tipo de carga:Superior
Calentador de agua integrado:Si
Capacidad de lavado:13 KG
Filtro para pelusas:No
Nivel de agua ajustable:No
Consumo de agua:290 L/Ciclo
Material del tambor:Acero inoxidable
Programas de lavado:8
Sistema de lavado:Automático
Velocidad de centrifugado:750 RPM
Material de la tapa:Vidrio templado
Bluetooth integrado:No
Doble carga:No
Inicio diferido:No
Limpieza de tambor:No
Panel touch:No
Información adicional:"
"Tocador Home Mobili 4 Cajones Blanco","1176173","sku:1176173
Marca:HOME MOBILI
Tipo de producto:Muebles dormitorio
Alto del empaque:12,5 CM
Ancho del empaque:190 CM
Peso con empaque:37 KG
Profundidad del empaque:39,4 CM
Garantía del proveedor:6 meses
Accesorios:Luces led
Ancho del producto:110 CM
Color de la estructura:Blanco
Alto del producto:145,5 CM
Peso del producto:35 KG
Cantidad de bultos:2
Manual de armado incluido:Si
Requiere armado:Si
Servicio de armado incluido:No
Cantidad de cajones:4
Acabado:Pintura UV
Cantidad de puertas:1
Profundidad del producto:41,5 CM
Espesor del producto:15 MM
Material de la estructura:Aglomerado MDP
Material de las bisagras:Metal
Material de los tiradores:Polipropileno
Resistencia:100 KG
Alto de la mesa:79 CM"
"Tocador Home Mobili Sunsol 2 Cajones Blanco","1176174","sku:1176174
Marca:HOME MOBILI
Tipo de producto:Muebles dormitorio
Alto del empaque:8,5 CM
Ancho del empaque:81 CM
Peso con empaque:27 KG
Profundidad del empaque:41,4  CM
Garantía del proveedor:6 meses
Modelo:Sunsol
Accesorios:Luces LED
Ancho del producto:91 CM
Color de la estructura:Blanco
Alto del producto:133 CM
Peso del producto:25 KG
Cantidad de bultos:2
Manual de armado incluido:Si
Requiere armado:Si
Servicio de armado incluido:No
Cantidad de cajones:2
Acabado:Pintura UV
Profundidad del producto:41,5 CM
Espesor del producto:15 MM
Material de la estructura:Aglomerado MDP
Material de las bisagras:Metal
Material de los tiradores:Polipropileno
Resistencia:80 KG
Alto de la mesa:78,5 CM"
"Cómoda Home Mobili Gerber 5 Cajones Blanco ","1176175","sku:1176175
Marca:HOME MOBILI
Tipo de producto:Muebles dormitorio
Alto del empaque:13,5 CM
Ancho del empaque:93 CM
Peso con empaque:35 KG
Profundidad del empaque:47 CM
Garantía del proveedor:6 meses
Modelo:Gerber
Ancho del producto:75 CM
Color de la estructura:Blanco
Alto del producto:93 CM
Peso del producto:33 KG
Cantidad de bultos:1
Manual de armado incluido:Si
Requiere armado:Si
Ruedas:No
Servicio de armado incluido:No
Cantidad de cajones:5
Acabado:Pintura UV
Color de la cubierta:Blanco
Profundidad del producto:48 CM
Espesor del producto:15 MM
Material de la estructura:Aglomerado MDP
Material de los rieles:Metal
Material de los tiradores:Polipropileno
Requiere sistema de anclaje:No
Resistencia:70 KG
Material de la cubierta:Aglomerado MDP
Tipo de tirador:Manija"
